/*
SQLyog Ultimate v11.11 (64 bit)
MySQL - 5.5.5-10.4.21-MariaDB : Database - proyecto1
*********************************************************************
*/

/*!40101 SET NAMES utf8 */;

/*!40101 SET SQL_MODE=''*/;

/*!40014 SET @OLD_UNIQUE_CHECKS=@@UNIQUE_CHECKS, UNIQUE_CHECKS=0 */;
/*!40101 SET @OLD_SQL_MODE=@@SQL_MODE, SQL_MODE='NO_AUTO_VALUE_ON_ZERO' */;
/*!40111 SET @OLD_SQL_NOTES=@@SQL_NOTES, SQL_NOTES=0 */;
/*Data for the table `cargo` */

LOCK TABLES `cargo` WRITE;

insert  into `cargo`(`id_cargo`,`cargo`,`manual_funciones`,`estado`) values (2,'Gerente',NULL,'A'),(3,'Subgerente Administrativo',NULL,'A'),(4,'Subgerente Financiero  y Contable',NULL,'A'),(5,'Administrador Comercial y Tesoreria',NULL,'A'),(6,'Cajero Principal',NULL,'A'),(7,'Auxiliar de Caja y Servicaja',NULL,'A'),(8,'Asesor Rural',NULL,'A'),(9,'Auxiliar Servicios Generales',NULL,'A'),(10,'Auxiliar Administrativo',NULL,'A'),(11,'Coordinador de Creditos',NULL,'A'),(12,'Coordinador de Cartera',NULL,'A'),(13,'Asistente Contable',NULL,'A'),(14,'Auxiliar Operativo I',NULL,'A'),(15,'Administrador de Riesgos ',NULL,'A'),(16,'Gestor Documental',NULL,'A'),(17,'Visitante',NULL,'A'),(18,'Asesor De Calidad',NULL,'A'),(19,'Revisor Fiscal',NULL,'A');

UNLOCK TABLES;

/*Data for the table `documento` */

LOCK TABLES `documento` WRITE;

insert  into `documento`(`id_documento`,`id_tipo_documento`,`id_proceso`,`codigo`,`nombre_documento`) values (1,3,1,'AD-FO-1','AD-FO-1 AVISO DE PRIVACIDAD  '),(2,3,1,'AD-FO-2','DISPONIBLE '),(3,3,1,'AD-FO-3','AD-FO-3 FORMATO ÚNICO DE P.Q.R.S.F. '),(4,3,1,'AD-FO-4','AD-FO-4 CONTROL PQRSF  '),(5,3,1,'AD-FO-5','AD-FO-5 ACTA DE APERTURA BUZÓN PQRSF '),(6,3,1,'AD-FO-6','AD-FO-6 CONTRATO PRESTACIÓN DE SERVICIOS '),(7,3,1,'AD-FO-7','AD-FO-7 CONTRATO COMODATO O PRÉSTAMO DE USO '),(8,3,1,'AD-FO-8','AD-FO-8 ACTA DE REUNIÓN Y SEGUIMIENTO '),(9,3,1,'AD-FO-9','AD-FO-9 ACTA DE ENTREGA PREMIO Y AUTORIZACIÓN USO IMAGEN '),(10,3,1,'AD-FO-10','AD-FO-10 CONTROL MENSUAL DE INVENTARIO DE PAPELERÍA Y ÚTILES DE OFICINA '),(11,3,1,'AD-FO-11','AD-FO-11 SOLICITUD Y ENTREGA DE PAPELERÍA Y ÚTILES DE ESCRITORIO '),(12,3,1,'AD-FO-12','AD-FO-12 CONTRATO DE PRESTACIÓN DE SERVICIOS '),(13,3,1,'AD-FO-13','AD-F0-13 CONTRATO DE ARRENDAMIENTO ESPACIO PUBLICITARIO'),(14,3,1,'AD-FO-14','AD-FO-14 CARTA MANIFIESTO DE INTENCIÓN EN SUSCRICIÓN DE CONVENIO PARA EL DESARROLLO DE PRÁCTICAS UNIVERSITARIAS'),(15,3,1,'AD-FO-15','AD-FO-15 AUTORIZACIÓN DE USO DE IMÁGEN'),(16,5,1,'AD-IN-1','AD-IN-1 SISTEMA DE REPORTE EN LÍNEA - SIREL '),(17,5,1,'AD-IN-2','AD-IN-2 ENVÍO REPORTES A LA UIAF '),(18,8,1,'AD-PR-1','AD-PR-1 ADMINISTRACIÓN DE TELEFONÍA FIJA Y DE CELULARES '),(19,8,1,'AD-PR-2','AD-PR-2 PROCEDIMIENTO DEL SARLAFT '),(20,8,1,'AD-PR-3','AD-PR-3 TRAMITE DE PQRSF '),(21,9,2,'AG-RG-1','AG-RG-1  CONVOCATORIA ASAMBLEA DE DELEGADOS '),(22,9,2,'AG-RG-2','AG-RG-2 REGLAMENTO ASAMBLEA DELEGADOS 2021 '),(23,3,3,'AH-FO-1','AH-FO-1 AHORRO PROGRAMADO COOPEAIPE '),(24,3,3,'AH-FO-2','AH-FO-2 CERTIFICADO DE DEPÓSITO DE AHORRO A TÉRMINO C.D.A.T. '),(25,3,3,'AH-FO-3','AH-FO-3 ARQUEO SEMANAL LIBRETAS DE AHORRO '),(26,3,3,'AH-FO-4','AH-FO-4 ASIGNACIÓN LIBRETAS '),(27,3,3,'AH-FO-5','AH-FO-5 CONTROL ENTREGA DE LIBRETAS '),(28,3,3,'AH-FO-6','DISPONIBLE'),(29,3,3,'AH-FO-7','AH-FO-7 ENTREGA FORMULARIOS BEPS '),(30,3,3,'AH-FO-8','AH-FO-8 ARQUEO DIARIO FORMULARIOS BEPS '),(31,3,3,'AH-FO-9','AH-FO-9 CONTROL ENTREGA FORMATOS BEPS AL ASOCIADO '),(32,3,3,'AH-FO-10','AH-FO-10 ENTREGA FORMATOS BEPS '),(33,3,3,'AH-FO-11','AH-FO-11 SOLICITUD DE MARQUE Y DESMARQUE DE EXENCIÓN AL GMF '),(34,3,3,'AH-FO-12','AH-FO-12 ENTREGA FORMATOS BEPS DEVUELTOS '),(35,3,3,'AH-FO-13','AH-FO-13 AUTORIZACIÓN DEBITO CUENTA DE AHORROS '),(36,3,3,'AH-FO-14','AH-FO-14 REGISTRO DE FIRMAS CUENTAS  DE AHORRO PERSONA NATURAL '),(37,3,3,'AH-FO-15','AH-FO-15 AUTORIZACIÓN RETIRO CUENTA DE AHORROS SIN MEDIO DE RETIRO '),(38,8,3,'AH-PR-1','AH-PR-1 APERTURA CUENTA DE AHORROS A LA VISTA '),(39,8,3,'AH-PR-2','AH-PR-2 CONSTITUCIÓN Y CANCELACIÓN DE CDAT´S'),(40,8,3,'AH-PR-3','AH-PR-3 CONSTITUCIÓN Y CANCELACIÓN AHORRO PROGRAMADO '),(41,8,3,'AH-PR-4','AH-PR-4 EMBARGO Y DESEMBARGO DE CUENTAS A ASOCIADOS'),(42,8,3,'AH-PR-5','AH-PR-5 AHORRO PROGRAMADO BEPS '),(43,8,3,'AH-PR-6','AH-PR-6 MARQUE Y DESMARQUE DE EXENCIÓN AL GMF '),(44,3,4,'AS-FO-1','AS-FO-1 SOLICITUD DE VINCULACIÓN DE ASOCIADO '),(45,3,4,'AS-FO-2','AS-FO-2 SOLICITUD VINCULACIÓN EX ASOCIADO EXCLUIDO '),(46,3,4,'AS-FO-3','AS-FO-3 SOLICITUD RETIRO DE ASOCIADO '),(47,3,4,'AS-FO-4','AS-FO-4 FIJACIÓN EDICTO EMPLAZATORIO POR FALLECIMIENTO '),(48,3,4,'AS-FO-5','AS-FO-5 DESFIJACIÓN EDICTO EMPLAZATORIO POR FALLECIMIENTO '),(49,3,4,'AS-FO-6','AS-FO-6 SOLICITUD CONSULTA O RECLAMO TRATAMIENTO DE DATOS '),(50,3,4,'AS-FO-7','AS-FO-7 RESPUESTA CONSULTA TRATAMIENTO DE DATOS '),(51,3,4,'AS-FO-8','AS-FO-8 REPORTE CONSULTA DE INFORMACIÓN A TITULARES  '),(52,3,4,'AS-FO-9','AS-FO-9 RESPUESTA RECLAMOS TRATAMIENTO DE DATOS '),(53,3,4,'AS-FO-10','AS-FO-10 AUTORIZACIÓN DE DESCUENTOS  '),(54,3,4,'AS-FO-11','AS-FO-11 FORMULARIO RECLAMACIÓN DE DEVOLUCIÓN DE APORTES Y AHORROS '),(55,5,4,'AS-IN-1','AS-IN-1 MODULO SOLICITUD DE VINCULACIÓN '),(56,5,4,'AS-IN-2','AS-IN-2 CONSULTA EFECTIVA COOPCENTRAL '),(57,8,4,'AS-PR-1','AS-PR-1 VINCULACIÓN DE ASOCIADOS '),(58,8,4,'AS-PR-2','AS-PR-2 RETIRO DE ASOCIADOS '),(59,8,4,'AS-PR-3','AS-PR-3 VINCULACIÓN DE ASOCIADOS PEP '),(60,8,4,'AS-PR-4','AS-PR-4 TRAMITE FALLECIMIENTO DE ASOCIADO '),(61,8,4,'AS-PR-5','AS-PR-5 TRASLADO DE INFANTIL A ADULTO '),(62,8,4,'AS-PR-6','AS-PR-6 CORRECCIÓN AL NOMBRE Y NÚMERO DE IDENTIFICACIÓN DEL ASOCIADO '),(63,8,4,'AS-PR-7','AS-PR-7 ACTUALIZACIÓN DE DATOS '),(64,8,4,'AS-PR-8','AS-PR-8 ACTUALIZACIÓN DEL ASOCIADO EN CENTRALES DE RIESGO '),(65,8,4,'AS-PR-9','AS-PR-9 CONSULTA Y RECLAMOS DE TRATAMIENTO DE LOS DATOS PERSONALES '),(66,8,4,'AS-PR-10','AS-PR-10 AUTORIZACIÓN DE TERCEROS MEDIANTE PODER '),(67,8,4,'AS-PR-11','AS-PR-11 ESTADO DE APORTES '),(68,3,5,'CA-FO-1','CA-FO-1 NOTIFICACIÓN MORA INFERIOR A 30 DÍAS '),(69,3,5,'CA-FO-2','CA-FO-2 NOTIFICACIÓN MORA INFERIOR A 60 DÍAS  '),(70,3,5,'CA-FO-3','CA-FO-3 NOTIFICACIÓN COBRO PRE-JURÍDICO  '),(71,3,5,'CA-FO-4','CA-FO-4 ACUERDO DE PAGO '),(72,3,5,'CA-FO-5','CA-FO-5 INFORME ASOCIADOS EXCLUIDOS  '),(73,3,5,'CA-FO-6','CA-FO-6 SOLICITUD CASTIGO DE CARTERA '),(74,3,5,'CA-FO-7','CA-FO-7 RELACIÓN CUENTAS PARA CASTIGO DE CARTERA '),(75,3,5,'CA-FO-8','CA-FO-8 SOLICITUD CASTIGO DE COSTAS JUDICIALES DE CARTERA CASTIGADA '),(76,3,5,'CA-FO-9','CA-FO-9 INFORME MENSUAL CRÉDITOS EN COBRO JURÍDICO Y CARTERA CASTIGADA '),(77,3,5,'CA-FO-10','CA-FO-10 SOLICITUD NORMALIZACIÓN DE CARTERA '),(78,3,5,'CA-FO-11','CA-FO-11 PROPUESTA DE NORMALIZACIÓN DE CARTERA '),(79,3,5,'CA-FO-12','CA-FO-12 SOLICITUD CONDONACIÓN CARTERA DE CRÉDITOS '),(80,3,5,'CA-FO-13','CA-FO-13 ABONO A OBLIGACIONES EN ESTADO NORMAL - CUANDO HAY CONDONACIÓN  '),(81,3,5,'CA-FO-14','CA-FO-14 INFORME GENERAL DE ABOGADOS '),(82,3,5,'CA-FO-15','CA-FO-15 REMISIÓN DE OBLIGACIONES A COBRO JURÍDICO '),(83,8,5,'CA-PR-1','CA-PR-1 GESTIÓN DE COBROS Y RECUPERACIÓN DE CARTERA DE CRÉDITOS '),(84,8,5,'CA-PR-2','CA-PR-2 COBRO PRE JURÍDICO '),(85,8,5,'CA-PR-3','CA-PR-3 COBRO JURÍDICO '),(86,8,5,'CA-PR-4','CA-PR-4 PROCEDIMIENTO CASTIGO DE CARTERA '),(87,8,5,'CA-PR-5','CA-PR-5 NORMALIZACIÓN DE CARTERA '),(88,8,5,'CA-PR-6','CA-PR-6 CONDONACIÓN CARTERA DE CRÉDITOS '),(89,8,5,'CA-PR-7','CA-PR-7 EVALUACIÓN DE LA CARTERA '),(90,8,5,'CA-PR-8','CA-PR-8 EXCLUSIÓN DE ASOCIADOS '),(91,3,6,'CC-FO-1','CC-FO-1 SOLICITUD DE CRÉDITO PERSONA NATURAL '),(92,3,6,'CC-FO-2','CC-FO-2 PAGARE '),(93,3,6,'CC-FO-3','DISPONIBLE'),(94,3,6,'CC-FO-4','CC-FO-4 CARTA DE INSTRUCCIONES ABIERTA '),(95,3,6,'CC-FO-5','CC-FO-5 INFORMACIÓN PREVIA AL OTORGAMIENTO DEL CRÉDITO '),(96,3,6,'CC-FO-6','CC-FO-6 CONTROL CONSULTAS CENTRALES DE RIESGO '),(97,3,6,'CC-FO-7','CC-FO-7 ESTADO DE CUENTA CRÉDITO ROTATIVO '),(98,3,6,'CC-FO-8','CC-FO-8 CONSTANCIA DE APROBACIÓN DE CRÉDITO HIPOTECARIO '),(99,3,6,'CC-FO-9','CC-FO-9 SOLICITUD ESTUDIO DE TÍTULOS '),(100,3,6,'CC-FO-10','CC-FO-10 SOLICITUD AVALUÓ COMERCIAL '),(101,3,6,'CC-FO-11','CC-FO-11 SOLICITUD ELABORACIÓN MINUTA HIPOTECARIA '),(102,3,6,'CC-FO-12','CC-FO-12 SOLICITUD ELABORACIÓN ESCRITURA '),(103,3,6,'CC-FO-13','CC-FO-13 SOLICITUD REVISIÓN FIRMA ESCRITURA '),(104,3,6,'CC-FO-14','CC-FO-14 SOLICITUD CONCEPTO FINAL REGISTRO ESCRITURA PÚBLICA '),(105,3,6,'CC-FO-15','CC-FO-15 CANCELACIÓN DE HIPOTECA '),(106,3,6,'CC-FO-16','CC-FO-16 ACTA DE ELIMINACIÓN DE PAGARES. '),(107,3,6,'CC-FO-17','CC-FO-17 NOTIFICACIÓN VIABILIDAD DE CRÉDITO CON GARANTÍA PRENDARIA '),(108,3,6,'CC-FO-18','CC-FO-18 CONTRATO DE PRENDA ABIERTA SIN TENENCIA DEL ACREEDOR '),(109,3,6,'CC-FO-19','CC-FO-19 CONTRATO DE CESIÓN DE DERECHOS VINCULACIÓN Y/O AFILIACIÓN '),(110,3,6,'CC-FO-20','CC-FO-20 LEVANTAMIENTO DE PRENDA '),(111,3,6,'CC-FO-21','CC-FO-21 SOLICITUD DE RENOVACIÓN DE PÓLIZAS '),(112,3,6,'CC-FO-22','CC-FO-22 CONTROL CRÉDITOS DESEMBOLSADOS CON AVAL FRG '),(113,3,6,'CC-FO-23','CC-FO-23 CERTIFICADO DE ESTADO DE OBLIGACIÓN AMPARADA POR EL FRG. '),(114,8,6,'CC-PR-1','CC-PR-1 ASESORÍA Y RADICACIÓN DE CRÉDITOS '),(115,8,6,'CC-PR-2','CC-PR-2 ANÁLISIS Y APROBACIÓN DE CRÉDITOS '),(116,8,6,'CC-PR-3','CC-PR-3 LEGALIZACIÓN DE GARANTÍAS Y DESEMBOLSO DE CRÉDITOS '),(117,8,6,'CC-PR-4','CC-PR-4 CRÉDITO CUPO ROTATIVO '),(118,8,6,'CC-PR-5','CC-PR-5 CONSTITUCIÓN Y CANCELACIÓN DE GARANTÍA HIPOTECARÍA. '),(119,8,6,'CC-PR-6','CC-PR-6 CUSTODIA Y DEPURACIÓN DE PAGARE '),(120,8,6,'CC-PR-7','CC-PR-7 CONSTITUCIÓN Y CANCELACIÓN OTRAS GARANTÍAS REALES '),(121,8,6,'CC-PR-8','CC-PR-8 MANEJO DE CRÉDITO CON  AVAL FONDO REGIONAL DE GARANTÍAS '),(122,3,8,'CJ-FO-1','CJ-FO-1 ARQUEO PROVISIONAL  DE CAJA '),(123,3,8,'CJ-FO-2','CJ-FO-2 ARQUEO MENSUAL DE CHEQUES '),(124,3,8,'CJ-FO-3','CJ-FO-3 RETENCIÓN MONEDA FALSA Y/O BILLETE APARENTEMENTE FALSO '),(125,3,8,'CJ-FO-4','CJ-FO-4 AUTORIZACIÓN SERVICIO DE POLICÍA '),(126,3,8,'CJ-FO-5','CJ-FO-5 REPORTE INTERNO SOBRE OPERACIONES SOSPECHOSAS '),(127,3,8,'CJ-FO-6','CJ-FO-6 CONTROL DIARIO DE CHEQUES GIRADOS '),(128,3,8,'CJ-FO-7','CJ-FO-7 DECLARACIÓN INDIVIDUAL DE TRANSACCIONES EN EFECTIVO '),(129,3,8,'CJ-FO-8','CJ-FO-8 CONTROL DE COLILLAS SERVICIOS PÚBLICOS '),(130,3,8,'CJ-FO-9','CJ-FO-9 SOLICITUD DE REVERSIÓN TRANSACCIONES EN CAJA '),(131,3,8,'CJ-FO-10','CJ-FO-10 SOLICITUD AUMENTO BASE DE SERVICAJA '),(132,3,8,'CJ-FO-11','CJ-FO-11 AUTORIZACIÓN TRASLADO FONDOS CUENTA DE AHORROS  '),(133,5,8,'CJ-IN-1','CJ-IN-1 CONFIGURACIÓN DEL PINPAD '),(134,5,8,'CJ-IN-2','CJ-IN-2 OPERACIONES DESDE EL VIRTUAL POS EN CAJA '),(135,8,8,'CJ-PR-1','CJ-PR-1 CONSIGNACIÓN Y RETIRO EN CUENTAS DE AHORROS '),(136,8,8,'CJ-PR-2','CJ-PR-2 RECAUDO SERVICIOS PÚBLICOS '),(137,8,8,'CJ-PR-3','CJ-PR-3 GESTIÓN Y TRÁMITE DE CHEQUES '),(138,8,8,'CJ-PR-4','CJ-PR-4 ARQUEO PROVISIONAL DE CAJA '),(139,8,8,'CJ-PR-5','CJ-PR-5 PROCESOS DE CAJA '),(140,8,8,'CJ-PR-6','CJ-PR-6 TRAMITE DE BILLETES Y/O MONEDAS FALSAS '),(141,8,8,'CJ-PR-7','CJ-PR-7 TRANSACCIONES EN CAJA TARJETA DEBITO '),(142,8,8,'CJ-PR-8','CJ-PR-8 CUADRE DE CAJA FINAL '),(143,3,9,'CL-FO-1','CL-FO-1 LSITADO MAESTRO DE DOCUMENTOS V-'),(144,3,9,'CL-FO-2','CL-FO-2 SOLICITUD DE CREACION, ACTUALIZACION O ELIMINACION DE  DOCUMENTOS '),(145,3,9,'CL-FO-3','CL-FO-3 ACTA DE APROBACIÓN DOCUMENTOS DE PROCEDIMIENTOS '),(146,3,10,'CN-FO-1','CN-FO-1 MINUTA CONVENIO PARA EL PAGO DE SALARIOS A EMPLEADOS  '),(147,3,10,'CN-FO-2','CN-FO-2 RESPONSABLES Y TIPO DE CONVENIOS EMPRESARIALES '),(148,3,10,'CN-FO-3','CN-FO-3 PROPUESTA COMERCIAL '),(149,3,10,'CN-FO-4','CN-FO-4 EVALUACIÓN INICIAL CONVENIO PAGO DE SALARIOS '),(150,3,10,'CN-FO-5','CN-FO-5 LISTA DE CHEQUEO CONVENIOS PAGO DE SALARIOS Y DESCUENTO LIBRANZA '),(151,3,10,'CN-FO-6','CN-FO-6 CARTA DE INSTRUCCIONES CONVENIO PAGO DE SALARIOS '),(152,3,10,'CN-FO-7','CN-FO-7 FIRMAS AUTORIZADAS DE CONVENIOS '),(153,3,10,'CN-FO-8','DISPONIBLE'),(154,3,10,'CN-FO-9','DISPONIBLE'),(155,3,10,'CN-FO-10','CN-FO-10 FICHA TÉCNICA CONVENIO '),(156,3,10,'CN-FO-11','CN-FO-11 SOLICITUD DE CRÉDITO CONVENIO CICLO CROSS AIPE '),(157,3,10,'CN-FO-12','CN-FO-12 AUTORIZACIÓN GIRO DE DINERO A CICLO CROSS AIPE '),(158,3,10,'CN-FO-13','CN-FO-13 AUTORIZACIÓN ENTREGA ARTÍCULOS POR PARTE CICLO CROSS AIPE '),(159,3,10,'CN-FO-14','CN-FO-14 SOLICITUD DE ARRENDAMIENTO DATAFONO													 '),(160,3,10,'CN-FO-15','CN-FO-15 CONTRATO DE ARRENDAMIENTO DE TERMINALES DE PUNTO DE VENTA (POS) '),(161,3,10,'CN-FO-16','CN-FO-16 CONTRATO DE COMPRAVENTA '),(162,3,10,'CN-FO-17','CN-FO-17 CONVENIO DE SERVICIOS FUNERARIOS  CASA DE FUNERALES LA PAZ NORTE '),(163,3,10,'CN-FO-18','CN-FO-18 CONVENIO DE SERVICIOS DE PAUTA PUBLICITARIA '),(164,3,10,'CN-FO-19','CN-FO-19 CONVENIO DE SERVICIOS FUNERARIOS GRUPO FUNERARIO DEL HUILA S.A.S. '),(165,3,10,'CN-FO-20','CN-FO-20 CONTROL CONVENIOS INTERNOS  '),(166,3,10,'CN-FO-21','CN-FO-21 CONVENIO INTEREMPRESARIAL '),(167,3,10,'CN-FO-22','CN-FO-22 OTRO SI AL CONVENIO'),(168,5,10,'CN-IN-1','CN-IN-1 MANEJO OPERATIVO DATAFONO '),(169,5,10,'CN-IN-2','CN-IN-2 CONFIGURACIÓN INICIAL DATAFONO '),(170,8,10,'CN-PR-1','CN-PR-1 CONVENIOS EXTERNOS '),(171,8,10,'CN-PR-2','CN-PR-2 CONVENIOS PAGO DE SALARIOS '),(172,8,10,'CN-PR-3','CN-PR-3 PAGOS DE SALARIOS POR TRANSFERENCIA ACH '),(173,8,10,'CN-PR-4','CN-PR-4 PLANES EXEQUIALES  '),(174,8,10,'CN-PR-5','CN-PR-5 CONVENIO CICLO CROSS AIPE HUILA '),(175,5,13,'DL-FO-1','DL-FO-1 INSCRIPCIÓN DE PLANCHA PARA ELECCIONES DE ASPIRANTES A DELEGADOS  '),(176,5,13,'DL-FO-2','DL-FO-2 CONTROL INSCRIPCIÓN DE PLANCHA PARA ELECCIONES DE ASPIRANTES A DELEGADOS  '),(177,5,13,'DL-FO-3','DL-FO-3 VERIFICACIÓN DE REQUISITOS '),(178,5,13,'DL-FO-4','DL-FO-4 INSCRIPCIÓN A ASPIRANTE A DELEGADOS PARA LA ASAMBLEA DE DELEGADOS '),(179,5,13,'DL-FO-5','DL-FO-5 CONVOCATORIA A LA ASAMBLEA GENERAR ORDINARIA DE COOPEAIPE '),(180,5,13,'DL-FO-6','DL-FO-6 INSCRIPCIÓN A ASPIRANTE MIEMBRO CONSEJO DE ADMINISTRACIÓN '),(181,5,13,'DL-FO-7','DL-FO-7 INSCRIPCIÓN A ASPIRANTE MIEMBRO JUNTA DE VIGILANCIA '),(182,5,13,'DL-FO-8','DL-FO-8 INSCRIPCIÓN ASPIRANTES CONSEJO DE ADMINISTRACION '),(183,5,13,'DL-FO-9','DL-FO-9 INSCRIPCIÓN A ASPIRANTE  JUNTA DE VIGILANCIA '),(184,9,13,'DL-RG-1','DL-RG-1 ELECCIÓN DE DELEGADOS '),(185,10,12,'DE-DE-1','DE-DE-1 FORMULARIO DE SOLICITUD DE VINCULACIÓN T ACTUALIZACIÓN BEPS VN/A'),(186,10,12,'DE-DE-2','DE-DE-2 SOLICITUD DE TARJETAS Y COMPLEMENTOS VN/A'),(187,10,12,'DE-DE-3','DE-DE-3 MANUAL DE USUARIO ELIBOM VN/A'),(188,3,14,'FN-FO-1','FN-FO-1 CONCILIACIÓN BANCARIA '),(189,3,14,'FN-FO-2','FN-FO-2 REPORTE DE TRANSFERENCIAS Y/O CONSIGNACIONES BANCARIAS NO APLICADAS'),(190,5,14,'FN-IN-1','FN-IN-1 APLICACIÓN REVALORIZACIÓN DE APORTES '),(191,8,14,'FN-PR-1','FN-PR-1 CONCILIACIÓN BANCARIA '),(192,8,14,'FN-PR-2','FN-PR-2 LIQUIDACIÓN DE INTERESES '),(193,8,14,'FN-PR-3','FN-PR-3 GESTIÓN CIERRE CONTABLE DIARIO '),(194,8,14,'FN-PR-4','FN-PR-4 GESTIÓN CIERRE CONTABLE MENSUAL '),(195,8,14,'FN-PR-5','FN-PR-5 APLICACIÓN DE TRANSFERENCIAS  Y/O CONSIGNACIONES BANCARIAS '),(196,8,14,'FN-PR-6','FN-PR-6 REPORTES INFORMES EXTERNOS '),(197,8,14,'FN-PR-7','FN-PR-7 DECLARACIÓN Y PAGO DE IMPUESTOS NACIONALES '),(198,3,16,'GD-FO-1','GD-FO-1 ROTULO PARA IDENTIFICACIÓN DE CAJAS DE ARCHIVO X200 '),(199,3,16,'GD-FO-2','GD-FO-2 ROTULO CARPETA '),(200,3,16,'GD-FO-3','GD-FO-3 INVENTARIO DOCUMENTAL '),(201,3,16,'GD-FO-4','GD-FO-4 ENTREGA DE DOCUMENTOS ASOCIADOS '),(202,5,16,'GD-IN-1','GD-IN-1 FOLIACIÓN DE DOCUMENTOS '),(203,5,16,'GD-IN-2','GD-IN-2 TRANSFERENCIA DE ARCHIVOS '),(204,8,16,'GD-PR-1','GD-PR-1 HISTORIA DE ASOCIADOS '),(205,8,16,'GD-PR-2','GD-PR-2 RADICACIÓN DE CORRESPONDENCIA '),(206,8,16,'GD-PR-3','GD-PR-3 ELIMINACIÓN DE DOCUMENTOS HOJA DE VIDA DEL ASOCIADO '),(207,3,17,'MT-FO-1','MT-FO-1 SOLICITUD REGISTRO MULTIPORTAL '),(208,3,17,'MT-FO-2','MT-FO-2 CERTIFICACIÓN DE CUENTAS PARA CONSIGNAR EL SALARIO '),(209,3,17,'MT-FO-3','MT-FO-3 CERTIFICACIÓN CUENTA PARA TRANSFERENCIAS INTERBANCARIAS. '),(210,6,17,'MT-MA-1','MT-MA-1 MANUAL DE USO MULTIPORTAL TRANSACCIONAL PERSONA NATURAL COOPEAIPE '),(211,6,17,'MT-MA-2','MT-MA-2 MANUAL DE USO TRANSFIYA COOPEAIPE '),(212,6,17,'MT-MA-3','MT-MA-3 MANUAL DE USO TRANSACCIONES SIN TARJETA COOPEAIPE '),(213,3,18,'NT-FO-1','NT-FO-1 SOLICITUD DE ALIVIO FINANCIERO '),(214,3,18,'NT-FO-2','NT-FO-2 AUTORIZACIÓN RETIRO MESADA PENSIONAL CON OCASIÓN DE LA PANDEMIA DERIVADA DEL CORONAVIRUS COVID-19 '),(215,3,18,'NT-FO-3','NT-FO-3 ACEPTACIÓN AUTORIZACIÓN RETIRO MESADA PENSIONAL CON OCASIÓN DE LA PANDEMIA DERIVADA DEL CORONAVIRUS COVID-19 '),(216,3,18,'NT-FO-4','NT-FO-4 SOLICITUD DE PERIODO DE GRACIA CON OCASIÓN DE LA PANDEMIA DERIVADA DEL CORONAVIRUS COVID-19 '),(217,3,18,'NT-FO-5','NT-FO-5 SOLICITUD DE AMPLIACIÓN DE PLAZO CON OCASIÓN DE LA PANDEMIA DERIVADA DEL CORONAVIRUS COVID-19 '),(218,3,18,'NT-FO-6','NT-FO-6 RESPUESTA SOLICITUD DE ALIVIO FINANCIERO CON OCASIÓN DE LA PANDEMIA DERIVADA DEL CORONAVIRUS COVID-19 '),(219,3,18,'NT-FO-7','NT-FO-7 CONTROL DE INGRESO EMPLEADOS CON OCASIÓN DE LA PANDEMIA DERIVADA DEL CORONAVIRUS COVID-19 '),(220,3,18,'NT-FO-8','NT-FO-8 ACTA DE COMPROMISO DE PROTOCOLOS DE BIOSEGURIDAD CON OCASIÓN DE LA PANDEMIA DERIVADA DEL CORONAVIRUS COVID-19 '),(221,5,18,'NT-IN-1','NT-IN-1 INSTRUCTIVO DE USO Y LIMPIEZA DE EPP Y BARRERAS DE AISLAMIENTO FÍSICO CON OCASIÓN DE LA PANDEMIA DERIVADA DEL CORONAVIRUS COVID-19 '),(222,8,18,'NT-PR-1','NT-PR-1 MEDIDAS DE PREVENCIÓN EN LA ASAMBLEA GENERAL CON OCASIÓN DE LA PANDEMIA DERIVADA DEL CORONAVIRUS COVID-19 '),(223,8,18,'NT-PR-2','NT-PR-2 ALIVIOS FINANCIEROS Y MODIFICACIONES DE CRÉDITOS CON OCASIÓN DE LA PANDEMIA DERIVADA DEL CORONAVIRUS COVID-19 '),(224,8,18,'NT-PR-3','NT-PR-3 INGRESO, PERMANENCIA Y DESARROLLO DE LAS FUNCIONES DENTRO DE LAS INSTALACIONES CON OCASIÓN DE LA PANDEMIA DERIVADA DEL CORONAVIRUS COVID-19 '),(225,3,19,'PV-FO-1','PV-FO-1 CONOCIMIENTO DE PROVEEDORES O CONTRATISTAS '),(226,3,19,'PV-FO-2','PV-FO-2 CONSTANCIA DE INGRESOS '),(227,3,19,'PV-FO-3','PV-FO-3 REGISTRO DE  PROVEEDORES '),(228,3,19,'PV-FO-4','PV-FO-4 EVALUACIÓN DE PROVEEDORES '),(229,3,19,'PV-FO-5','PV-FO-5 COMPARACIÓN DE PROVEEDORES '),(230,3,19,'PV-FO-6','PV-FO-6 LEGALIZACIÓN DE ANTICIPOS '),(231,5,19,'PV-IN-1','PV-IN-1 RECEPCIÓN DE FACTURAS O CUENTAS DE COBRO '),(232,8,19,'PV-PR-1','PV-PR-1 PROCESO GESTIÓN DE PROVEEDORES '),(233,3,21,'SC-FO-1','SC-FO-1 PRESENTACIÓN DEL PROYECTO SEMILLA COOPERATIVA '),(234,3,21,'SC-FO-2','SC-FO-2 ACTA CONSTITUTIVA Y REGLAMENTO DEL GRUPO '),(235,3,21,'SC-FO-3','SC-FO-3 LISTA DE PERSONAS INTERESADAS EN LA FORMACIÓN DE GRUPOS DE SERVICIOS FINANCIEROS '),(236,3,21,'SC-FO-4','SC-FO-4 ACTA MENSUAL DE REUNIÓN  '),(237,3,21,'SC-FO-5','SC-FO-5 ASIGNACIÓN DE FUNCIONES LÍDER '),(238,3,21,'SC-FO-6','SC-FO-6 ASIGNACIÓN DE FUNCIONES TESORERO '),(239,3,21,'SC-FO-7','SC-FO-7 ASIGNACIÓN DE FUNCIONES VOCAL DE VIGILANCIA '),(240,3,21,'SC-FO-8','SC-FO-8 CONTROL DE OPERACIONES EN REUNIÓN DEL GRUPO DE AHORRO Y CRÉDITO '),(241,3,21,'SC-FO-9','SC-FO-9 CONTROL DE OPERACIONES CREACIÓN DE GRUPOS '),(242,3,21,'SC-FO-10','SC-FO-10 SEGUIMIENTO DE ASISTENCIA SEMILLA COOPERATIVA '),(243,3,21,'SC-FO-11','SC-FO-11 CONTROL RECAUDO PAGA DIARIO '),(244,3,21,'SC-FO-12','SC-FO-12 CONTROL ASISTENCIA REUNIONES SEMILLA COOPERATIVA '),(245,3,21,'SC-FO-13','SC-FO-13 CRONOGRAMA DE ACTIVIDADES ASESOR RURAL FINANCIERO '),(246,3,21,'SC-FO-14','SC-FO-14 ARQUEO DIARIO DE RECIBOS DE CAJA RECAUDO EXTERNO '),(247,3,21,'SC-FO-15','SC-FO-15 ASIGNACIÓN RECIBOS DE CAJA  '),(248,3,21,'SC-FO-16','SC-FO-16 SOLICITUD DE CRÉDITO SEMILLA '),(249,3,21,'SC-FO-17','SC-FO-17 INFORME SEMANAL DE EXPANSIÓN RURAL  '),(250,8,21,'SC-PR-1','SC-PR-1 SEMILLA COOPERATIVA '),(251,8,21,'SC-PR-2','SC-PR-2 MANEJO DE DINERO, SEGUIMIENTO Y EVALUACIÓN DE ACTIVIDADES SEMILLA COOPERATIVA '),(252,3,22,'SI-FO-1','SI-FO-1 SOLICITUD DE USUARIO PARA USO DE APLICATIVO Y/O SOFTWARE EXTERNO '),(253,3,20,'SR-IN-1','DISPONIBLE'),(254,5,20,'SR-IN-2','DISPONIBLE'),(255,5,20,'SR-IN-3','SR-IN-3 CONOCER Y  REALIZAR LAS CONFIGURACIONES INICIALES DEL SOFTWARE SIAR '),(256,5,20,'SR-IN-4','SR-IN-4 CREACION, ACTUALIZACIÓN Y/O ELIMINACIÓN DE USUARIO Y CAMBIO DE CONTRASEÑA EN EL SOFTWARE SIAR '),(257,5,20,'SR-IN-5','SR-IN-5 MODULO MATRIZ DE RIESGO EN EL SOFTWARE SIAR '),(258,5,20,'SR-IN-6','SR-IN-6 MODULO SARLAFT EN EL SOFTWARE SIAR '),(259,5,20,'SR-IN-7','DISPONIBLE'),(260,5,20,'SR-IN-8','DISPONIBLE'),(261,5,20,'SR-IN-9','DISPONIBLE'),(262,5,20,'SR-IN-10','SR-IN-10 MODULO ARCHIVO PLANOS EN EL SOFTWARE SIAR '),(263,5,20,'SR-IN-11','SR-IN-11 GENERACIÓN DE ARCHIVOS Y REPORTES PARA EL MODULO DE ARCHIVOS PLANOS DEL SOFTWARE SIAR '),(264,5,20,'SR-IN-12','SR-IN-12 MODULO SARLAFT EN EL SOFTWARE SIAR – SECCIÓN PARÁMETROS '),(265,3,23,'TD-FO-1','TD-FO-1 SOLICITUD TARJETA DEBITO '),(266,3,23,'TD-FO-2','TD-FO-2 MANUAL DE USO TARJETA DEBITO '),(267,3,23,'TD-FO-3','TD-FO-3 CONTROL DE ENTREGA DE TARJETAS DÉBITO '),(268,3,23,'TD-FO-4','TD-FO-4 NOVEDADES TARJETA DEBITO '),(269,3,23,'TD-FO-5','TD-FO-5 ACTA TARJETAS DEBITO DESTRUIDAS '),(270,3,23,'TD-FO-6','TD-FO-6 ASIGNACIÓN TARJETAS DEBITO '),(271,3,23,'TD-FO-7','TD-FO-7 ARQUEO DIARIO DE TARJETAS DEBITO  '),(272,3,23,'TD-FO-8','TD-FO-8 PAGARE TARJETA DEBITO '),(273,3,23,'TD-FO-9','TD-FO-9 TÉRMINOS Y CONDICIONES DEL SERVICIO DEL PORTAL TRANSACCIONAL PERSONAS NATURALES'),(274,3,23,'TD-FO-10','TD-FO-10 AUTORIZACIÓN VALORES INDIVIDUALES TARJETA DEBITO Y/O PORTAL TRANSACCIONAL '),(275,8,23,'TD-PR-1','TD-PR-1 ACTIVACIÓN TARJETA DEBITO '),(276,8,23,'TD-PR-2','TD-PR-2 PROCESO DIARIO DE DESCARGUE, IMPORTACIÓN Y CONCILIACIÓN DE TARJETA DEBITO '),(277,8,23,'TD-PR-3','TD-PR-3 BLOQUEO TARJETA DEBITO '),(278,8,23,'TD-PR-4','TD-PR-4 ASIGNACIÓN DE RANGOS, ESTADOS, MANEJO DE INVENTARIO Y EXISTENCIAS DE TARJETAS DÉBITO '),(279,3,24,'TH-FO-1','TH-FO-1 SOLICITUD DE EMPLEO '),(280,3,24,'TH-FO-2','TH-FO-2 POSTULACIÓN A VACANTE PERSONAL INTERNO V1'),(281,3,24,'TH-FO-3','TH-FO-3 AUTORIZACIÓN CONSULTA CENTRALES DE RIESGO '),(282,3,24,'TH-FO-4','TH-FO-4 CONVOCATORIA LABORAL '),(283,3,24,'TH-FO-5','TH-FO-5 LISTA DE CHEQUEO DE LA HISTORIA LABORAL   '),(284,3,24,'TH-FO-6','TH-FO-6 ACUERDO DE CONFIDENCIALIDAD '),(285,3,24,'TH-FO-7','TH-FO-7 EVALUACIÓN DE CONOCIMIENTOS  '),(286,3,24,'TH-FO-8','TH-FO-8 FORMATO DE ENTREVISTA '),(287,3,24,'TH-FO-9','TH-FO-9 ACTA DE ENTREGA '),(288,3,24,'TH-FO-10','TH-FO-10 SOLICITUD DE TELETRABAJO '),(289,3,24,'TH-FO-11','TH-FO-11 ACUERDO COMPROMISOS TELETRABAJO '),(290,3,24,'TH-FO-12','TH-FO-12 PLAN DE TRABAJO SEMANAL TELETRABAJO '),(291,3,24,'TH-FO-13','TH-FO-13 SEGUIMIENTO AL PLAN DE TRABAJO SEMANAL TELETRABAJO '),(292,3,24,'TH-FO-14','TH-FO-14 REVERSIBILIDAD POR PARTE DEL TELETRABAJADOR '),(293,3,24,'TH-FO-15','TH-FO-15  REVERSIBILIDAD POR PARTE DEL EMPLEADOR '),(294,3,24,'TH-FO-16','TH-FO-16  AUTOREPORTE DE CONDICIONES DE TELETRABAJO '),(295,8,24,'TH-PR-1','TH-PR-1 VINCULACIÓN DE EMPLEADOS '),(296,8,24,'TH-PR-2','TH-PR-2 TELETRABAJO '),(297,8,24,'TH-PR-3','DISPONIBLE'),(298,8,24,'TH-PR-4','TH-PR-4 PERMISOS Y LICENCIAS DE FUNCIONARIOS '),(299,3,25,'TS-FO-1','TS-FO-1 CONTROL Y REEMBOLSO CAJA MENOR '),(300,3,25,'TS-FO-2','TS-FO-2 ARQUEO CAJA MENOR '),(301,3,25,'TS-FO-3','TS-FO-3 CERTIFICADO ANUAL DE SALDOS Y VALORES PAGADOS '),(302,5,25,'TS-IN-1','TS-IN-1 MANEJO DEL MOVIMIENTO CONTABLE '),(303,8,25,'TS-PR-1','TS-PR-1 MANEJO DEL FONDO DE CAJA MENOR '),(304,8,25,'TS-PR-2','TS-PR-2 MANEJO DEL MOVIMIENTO CONTABLE '),(305,3,4,'AS-FO-12','AS-FO-12 CONTROL Y REGISTRO DE  SOLICITUDES DE VINCULACIÓN '),(306,3,6,'CC-FO-24','CC-FO-24 CONTROL CREDITOS CONVENIO COOPEAIPE - INFIHUILA'),(307,8,6,'CC-PR-9','CC-PR-9 MANEJO DE CRÉDITO CONVENIO INFIHUILA'),(308,3,10,'CN-FO-23','CN-FO-23 CONVENIO DE RECAUDO '),(309,8,10,'CN-PR-6','CN-PR-6 PAGOS DE SALARIOS '),(310,3,17,'MT-FO-4','MT-FO-4 CONTROL ACTUALIZACION OBLIGACIONES MULTIPORTAL'),(311,8,17,'MT-PR-1','MTPR1 ACTUALIZACION DE OBLIGACIONES EN EL MULTIPORTAL'),(312,3,18,'PV-FO-7','PV-FO-7 ACUERDO DE CONFIDENCIALIDAD'),(313,3,21,'SC-FO-18','SC-FO-18 CONTROL RECAUDO REUNIONES SEMILLA COOPERATIVA'),(314,2,20,'SR-DT-1','SR-DT-1 DOCUMENTO INDICADORES SARL COPEAIPE'),(315,2,20,'SR-DT-2','SR-DT-2 DOCUMENTO TECNICO ETAPAS SARL COPEAIPE'),(316,2,20,'SR-DT-3','SR-DT-3 DOCUMENTO TECNICO GAP COOPEAIPE'),(317,2,20,'SR-DT-4','SR-DT-4 DOCUMENTO TECNICO IRL COOPEAIPE'),(318,2,20,'SR-DT-5','SR-DT-5 DOCUMENTO TECNICO PLAN CONTIGENCIA GRUPO CRISIS COOPEAIPE'),(319,2,20,'SR-DT-6','SR-DT-6 DOCUMENTO TECNICO SEGMENTACION FACTORES RIESGO COOPEAIPE'),(320,6,20,'SR-MA-1','SR-MA-1 MANUAL SARLAFT'),(321,6,20,'SR-MA-2','SR-MA-2  MANUAL SARL COOPEAIPE'),(322,8,20,'SR-PR-1','SR-PR-1 PROCEDIMIENTOS SARL COPEAIPE'),(323,3,24,'TH-FO-17','TH-FO-17 ASIGNACIÓN DE FUNCIONES TEMPORALES'),(324,3,24,'TH-FO-18','TH-FO-18 CONTRATO INDIVIDUAL DE TRABAJO A TERMINO FIJO INFERIOR A UN AÑO'),(325,3,24,'TH-FO-19','TH-FO-19 SOLICITUD DE BENEFICIOS EXTRALEGALES SOBRE AUXILIO DE RODAMIENTO Y COMBUSTIBLE PARA FUNCIONARIOS'),(326,3,24,'TH-FO-20','TH-FO-20 CONTROL ASISTENCIA A CAPACITACIONES, REUNIONES O EVENTOS'),(327,3,25,'TS-FO-4','TS-FO-4 DOCUMENTO SOPORTE PAGO PSE CONVENIO ESTACIÓN DE SERVICIO'),(328,3,25,'TS-FO-5','TS-FO-5 CONVENIO DE RECAUDO DE EFECTIVO'),(329,3,25,'TS-FO-6','TS-FO-6 DOCUMENTO MANEJO DE EFECTIVO FUERA DE LA OFICINA'),(330,3,25,'TS-FO-7','TS-FO-7 DOCUMENTO SOPORTE PAGO PSE'),(331,8,25,'TS-PR-3','TS-PR-3 MANEJO DE EFECTIVO FUERA DE LA OFICINA'),(332,3,15,'GC-FO-1','GC-FO-1 CREACIÓN DE CAMPAÑAS'),(333,3,15,'GC-FO-2','GC-FO-2 CAMPAÑA VIGENTE'),(334,3,15,'GC-FO-3','GC-FO-3 ENTREGA OBSEQUIOS CAMPAÑA'),(335,8,14,'FN-PR-8','FN-PR-8 INFORMACION EXOGENA');

UNLOCK TABLES;

/*Data for the table `proceso` */

LOCK TABLES `proceso` WRITE;

insert  into `proceso`(`id_proceso`,`proceso`,`sigla_proceso`,`estado`) values (1,'Gestión Administrativa','AD','A'),(2,'Asamblea General De Asociados','AG','A'),(3,'Gestión De Ahorros','AH','A'),(4,'Gestión De Asociados','AS','A'),(5,'Gestión De Cartera','CA','A'),(6,'Gestión De Créditos','CC','A'),(7,'Consejo De Administración','CD','A'),(8,'Gestión De Caja','CJ','A'),(9,'Gestión De Calidad','CL','A'),(10,'Gestión De Convenios','CN','A'),(11,'Gestión Corresponsales Solidarios','CO','A'),(12,'Documentos Externos','DE','A'),(13,'Gestión De Elección De Delegados','DL','A'),(14,'Gestión Financiera','FN','A'),(15,'Gestión Comercial','GC','A'),(16,'Gestión Documental','GD','A'),(17,'Multiportal Transaccional','MT','A'),(18,'Gestión Normas Transitorias','NT','A'),(19,'Gestión De Proveedores','PV','A'),(20,'Sistema De Administración De Riesgo','SR','A'),(21,'Gestión De Semilla Cooperativa','SC','A'),(22,'Gestion De Sistemas','SI','A'),(23,'Gestión De Tarjeta Debito','TD','A'),(24,'Gestión Talento Humano','TH','A'),(25,'Gestión De Tesorería','TS','A');

UNLOCK TABLES;

/*Data for the table `versionamiento` */

LOCK TABLES `versionamiento` WRITE;

insert  into `versionamiento`(`id_versionamiento`,`numero_version`,`id_documento`,`descripcion_version`,`usuario_creacion`,`fecha_creacion`,`usuario_revision`,`fecha_revision`,`usuario_aprobacion`,`fecha_aprobacion`,`documento`,`estado_version`,`id_tarea`,`fecha_obsoleto`) values (1,1,1,'Creacion de Documento','admin','2019-06-09 00:00:00','admin','2019-06-09 00:00:00','admin','2019-06-09 00:00:00','ADFO1 AVISO DE PRIVACIDAD V1.docx','V',NULL,NULL),(2,0,2,'Creacion de Documento','admin',NULL,'admin',NULL,'admin',NULL,NULL,'C',NULL,NULL),(3,1,3,'Creacion de Documento','admin','2020-06-09 00:00:00','admin','2018-12-10 00:00:00','admin','2018-12-10 00:00:00','ADFO3 FORMATO UNICO DE P.Q.R.S.F. V1 .xlsx','V',NULL,NULL),(4,1,4,'Creacion de Documento','admin','2018-12-10 00:00:00','admin','2018-12-10 00:00:00','admin','2018-12-10 00:00:00','ADFO4 CONTROL PQRSF  V1.xlsx','V',NULL,NULL),(5,1,5,'Creacion de Documento','admin','2020-06-09 00:00:00','admin','2018-12-10 00:00:00','admin','2018-12-10 00:00:00','ADFO5 ACTA DE APERTURA BUZON PQRSF V1.docx','V',NULL,NULL),(6,1,6,'Creacion de Documento','admin','2020-06-09 00:00:00','admin','2020-06-09 00:00:00','admin','2020-06-09 00:00:00','ADFO6 CONTRATO PRESTACION DE SERVICIOS V1.docx','V',NULL,NULL),(7,1,7,'Creacion de Documento','admin','2020-06-09 00:00:00','admin','2020-06-09 00:00:00','admin','2020-06-09 00:00:00','ADF007 CONTRATO COMODATO O PRESTAMO DE USO V1.docx','V',NULL,NULL),(8,1,8,'Creacion de Documento','admin','2019-07-24 00:00:00','admin','2019-07-24 00:00:00','admin','2019-07-24 00:00:00','ADFO8 ACTA DE REUNION Y SEGUIMIENTO V1.xlsx','V',NULL,NULL),(9,1,9,'Creacion de Documento','admin','2020-02-02 00:00:00','admin','2020-02-02 00:00:00','admin','2020-02-02 00:00:00','ADFO9 ACTA DE ENTREGA PREMIO Y AUTORIZACION USO IMAGEN V1.xlsx','V',NULL,NULL),(10,1,10,'Creacion de Documento','admin','2020-05-11 00:00:00','admin','2020-05-11 00:00:00','admin','2020-05-11 00:00:00','ADFO10 CONTROL MENSUAL DE INVENTARIO DE PAPELERIA Y UTILES DE OFICINA V1.xlsx','V',NULL,NULL),(11,1,11,'Creacion de Documento','admin','2020-01-30 00:00:00','admin','2020-01-30 00:00:00','admin','2020-01-30 00:00:00','ADFO11 SOLICITUD Y ENTREGA DE PAPELERIA Y UTILES DE ESCRITORIO V1.xlsx','V',NULL,NULL),(12,1,12,'Creacion de Documento','admin','2020-12-28 00:00:00','admin','2020-12-28 00:00:00','admin','2020-12-28 00:00:00','ADFO12 CONTRATO DE PRESTACION DE SERVICIOS  V1.docx','V',NULL,NULL),(13,1,13,'Creacion de Documento','admin','2021-03-20 00:00:00','admin','2021-03-20 00:00:00','admin','2021-03-20 00:00:00','ADF013 CONTRATO DE ARRENDAMIENTO ESPACIO PUBLICITARIO  V1.docx','V',NULL,NULL),(14,1,14,'Creacion de Documento','admin','2021-05-07 00:00:00','admin','2021-05-07 00:00:00','admin','2021-05-07 00:00:00','ADFO14 CARTA MANIFIESTO DE INTENCION EN SUSCRICION DE CONVENIO PARA EL DESARROLLO DE PRACTICAS UNIVERSITARIAS.docx','V',NULL,NULL),(15,1,15,'Creacion de Documento','admin','2021-09-29 00:00:00','admin','2021-09-29 00:00:00','admin','2021-09-29 00:00:00','ADFO15 AUTORIZACION DE USO DE IMAGEN V1.docx','V',NULL,NULL),(16,1,16,'Creacion de Documento','admin','2020-06-09 00:00:00','admin','2020-06-09 00:00:00','admin','2020-06-09 00:00:00','ADIN1 SISTEMA DE REPORTE EN LINEA SIREL V1.docx','V',NULL,NULL),(17,1,17,'Creacion de Documento','admin','2020-06-09 00:00:00','admin','2020-06-09 00:00:00','admin','2020-06-09 00:00:00','ADIN2 ENVIO REPORTES A LA UIAF V1.docx','V',NULL,NULL),(18,1,18,'Creacion de Documento','admin','2020-06-09 00:00:00','admin','2020-06-09 00:00:00','admin','2020-06-09 00:00:00','ADPR1 ADMINISTRACION DE TELEFONIA FIJA Y DE CELULARES V1.docx','V',NULL,NULL),(19,1,19,'Creacion de Documento','admin','2020-06-09 00:00:00','admin','2020-06-09 00:00:00','admin','2020-06-09 00:00:00','ADPR2 PROCEDIMIENTO DEL SARLAFT V1.docx','V',NULL,NULL),(20,1,20,'Creacion de Documento','admin','2018-12-10 00:00:00','admin','2018-12-10 00:00:00','admin','2018-12-10 00:00:00','ADPR3 TRAMITE DE PQRSF V1.docx','V',NULL,NULL),(21,1,21,'Creacion de Documento','admin','2021-01-21 00:00:00','admin','2021-01-21 00:00:00','admin','2021-01-21 00:00:00','AGRG1  CONVOCATORIA ASAMBLEA DE DELEGADOS V1.docx','V',NULL,NULL),(22,1,22,'Creacion de Documento','admin','2021-01-21 00:00:00','admin','2021-01-21 00:00:00','admin','2021-01-21 00:00:00','AGRG2 REGLAMENTO ASAMBLEA DELEGADOS 2021 V1.docx','V',NULL,NULL),(23,2,23,'Creacion de Documento','admin','2019-02-01 00:00:00','admin','2019-02-01 00:00:00','admin','2019-02-01 00:00:00','AHFO1 AHORRO PROGRAMADO COOPEAIPE V2.xlsx','V',NULL,NULL),(24,2,24,'Creacion de Documento','admin','2019-02-01 00:00:00','admin','2019-02-01 00:00:00','admin','2019-02-01 00:00:00','AHFO2 CERTIFICADO DE DEPOSITO DE AHORRO A TERMINO C.D.A.T. V2.xlsx','V',NULL,NULL),(25,1,25,'Creacion de Documento','admin','2018-10-01 00:00:00','admin','2018-10-01 00:00:00','admin','2018-10-01 00:00:00','AHFO3 ARQUEO SEMANAL LIBRETAS DE AHORRO V1.xlsx ','V',NULL,NULL),(26,1,26,'Creacion de Documento','admin','2018-10-01 00:00:00','admin','2018-10-01 00:00:00','admin','2018-10-01 00:00:00','AHFO4 ASIGNACION LIBRETAS V1.xlsm','V',NULL,NULL),(27,1,27,'Creacion de Documento','admin','2018-10-01 00:00:00','admin','2018-10-01 00:00:00','admin','2018-10-01 00:00:00','AHFO5 CONTROL ENTREGA DE LIBRETAS V1.xlsx','V',NULL,NULL),(28,0,28,'Creacion de Documento','admin',NULL,'admin',NULL,'admin',NULL,NULL,'C',NULL,NULL),(29,1,29,'Creacion de Documento','admin','2019-02-06 00:00:00','admin','2019-02-06 00:00:00','admin','2019-02-06 00:00:00','AHFO7 ENTREGA FORMULARIOS BEPS V1.xlsm','V',NULL,NULL),(30,1,30,'Creacion de Documento','admin','2019-02-01 00:00:00','admin','2019-02-01 00:00:00','admin','2019-02-01 00:00:00','AHFO8 ARQUEO DIARIO FORMULARIOS BEPS V1.xlsx','V',NULL,NULL),(31,1,31,'Creacion de Documento','admin','2019-02-01 00:00:00','admin','2019-02-01 00:00:00','admin','2019-02-01 00:00:00','AHFO9 CONTROL ENTREGA FORMATOS BEPS AL ASOCIADO V1.xlsx','V',NULL,NULL),(32,1,32,'Creacion de Documento','admin','2019-02-01 00:00:00','admin','2019-02-01 00:00:00','admin','2019-02-01 00:00:00','AHFO10 ENTREGA FORMATOS BEPS V1.xlsx','V',NULL,NULL),(33,1,33,'Creacion de Documento','admin','2020-03-17 00:00:00','admin','2020-03-17 00:00:00','admin','2020-03-17 00:00:00','AHFO11 SOLICITUD DE MARQUE Y DESMARQUE DE EXENCION AL GMF V1.xlsx','V',NULL,NULL),(34,1,34,'Creacion de Documento','admin','2019-02-01 00:00:00','admin','2019-02-01 00:00:00','admin','2019-02-01 00:00:00','AHFO12 ENTREGA FORMATOS BEPS DEVUELTOS V1.xlsx','V',NULL,NULL),(35,1,35,'Creacion de Documento','admin','2020-03-17 00:00:00','admin','2020-03-17 00:00:00','admin','2020-03-17 00:00:00','AHFO13 AUTORIZACION DEBITO CUENTA DE AHORROS V1.xlsx','V',NULL,NULL),(36,1,36,'Creacion de Documento','admin','2020-07-21 00:00:00','admin','2020-07-21 00:00:00','admin','2020-07-21 00:00:00','AHFO14 REGISTRO DE FIRMAS CUENTAS  DE AHORRO PERSONA NATURAL V1.xlsx','V',NULL,NULL),(37,1,37,'Creacion de Documento','admin','2020-03-17 00:00:00','admin','2020-03-17 00:00:00','admin','2020-03-17 00:00:00','AHFO15 AUTORIZACION RETIRO CUENTA DE AHORROS SIN MEDIO DE RETIRO V1.xlsx','V',NULL,NULL),(38,1,38,'Creacion de Documento','admin','2018-10-08 00:00:00','admin','2018-10-08 00:00:00','admin','2018-10-08 00:00:00','AHPR1 APERTURA CUENTA DE AHORROS A LA VISTA V1.docx','V',NULL,NULL),(39,1,39,'Creacion de Documento','admin','2018-10-08 00:00:00','admin','2018-10-08 00:00:00','admin','2018-10-08 00:00:00','AHPR2 CONSTITUCION Y CANCELACION DE CDATS. V1.docx','V',NULL,NULL),(40,1,40,'Creacion de Documento','admin','2018-10-08 00:00:00','admin','2018-10-08 00:00:00','admin','2018-10-08 00:00:00','AHPR3 CONSTITUCION Y CANCELACION AHORRO PROGRAMADO V1.docx','V',NULL,NULL),(41,1,41,'Creacion de Documento','admin','2018-12-26 00:00:00','admin','2018-12-26 00:00:00','admin','2018-12-26 00:00:00','AHPR4 EMBARGO Y DESEMBARGO DE CUENTAS A ASOCIADOS. V1.docx','V',NULL,NULL),(42,1,42,'Creacion de Documento','admin','2019-04-09 00:00:00','admin','2019-04-09 00:00:00','admin','2019-04-09 00:00:00','AHPR5 AHORRO PROGRAMADO BEPS V1.docx','V',NULL,NULL),(43,1,43,'Creacion de Documento','admin','2018-10-08 00:00:00','admin','2018-10-08 00:00:00','admin','2018-10-08 00:00:00','AHPR6 MARQUE Y DESMARQUE DE EXENCION AL GMF V1.docx','V',NULL,NULL),(44,1,44,'Creacion de Documento','admin','2018-10-02 00:00:00','admin','2018-10-02 00:00:00','admin','2018-10-02 00:00:00','ASFO1 SOLICITUD DE VINCULACION DE ASOCIADO V1.xlsx','V',NULL,NULL),(45,1,45,'Creacion de Documento','admin','2018-10-22 00:00:00','admin','2018-10-22 00:00:00','admin','2018-10-22 00:00:00','ASFO2 SOLICITUD VINCULACION EX ASOCIADO EXCLUIDO V1.xlsx','V',NULL,NULL),(46,1,46,'Creacion de Documento','admin','2018-10-22 00:00:00','admin','2018-10-22 00:00:00','admin','2018-10-22 00:00:00','ASFO3 SOLICITUD RETIRO DE ASOCIADO V1.xlsx','V',NULL,NULL),(47,1,47,'Creacion de Documento','admin','2019-01-21 00:00:00','admin','2019-01-21 00:00:00','admin','2019-01-21 00:00:00','ASFO4 FIJACION EDICTO EMPLAZATORIO POR FALLECIMIENTO V1.docx','V',NULL,NULL),(48,1,48,'Creacion de Documento','admin','2019-01-21 00:00:00','admin','2019-01-21 00:00:00','admin','2019-01-21 00:00:00','ASFO5 DESFIJACION EDICTO EMPLAZATORIO POR FALLECIMIENTO V1.docx','V',NULL,NULL),(49,1,49,'Creacion de Documento','admin','2019-03-11 00:00:00','admin','2019-03-11 00:00:00','admin','2019-03-11 00:00:00','ASFO6 SOLICITUD CONSULTA O RECLAMO TRATAMIENTO DE DATOS V1.xlsm','V',NULL,NULL),(50,1,50,'Creacion de Documento','admin','2019-01-21 00:00:00','admin','2019-01-21 00:00:00','admin','2019-01-21 00:00:00','ASFO7 RESPUESTA CONSULTA TRATAMIENTO DE DATOS V1.docx','V',NULL,NULL),(51,1,51,'Creacion de Documento','admin','2018-10-22 00:00:00','admin','2018-10-22 00:00:00','admin','2018-10-22 00:00:00','ASFO8 REPORTE CONSULTA DE INFORMACION A TITULARES  V1.xlsx','V',NULL,NULL),(52,1,52,'Creacion de Documento','admin','2018-10-22 00:00:00','admin','2018-10-22 00:00:00','admin','2018-10-22 00:00:00','ASFO9 RESPUESTA RECLAMOS TRATAMIENTO DE DATOS V1.xlsx','V',NULL,NULL),(53,1,53,'Creacion de Documento','admin','2018-10-22 00:00:00','admin','2018-10-22 00:00:00','admin','2018-10-22 00:00:00','ASFO10 AUTORIZACION DE DESCUENTOS  V1.xlsx','V',NULL,NULL),(54,1,54,'Creacion de Documento','admin','2020-01-30 00:00:00','admin','2020-01-30 00:00:00','admin','2020-01-30 00:00:00','ASFO11 FORMULARIO RECLAMACION DE DEVOLUCION DE APORTES Y AHORROS V1.xlsx','V',NULL,NULL),(55,1,55,'Creacion de Documento','admin','2018-10-02 00:00:00','admin','2018-10-02 00:00:00','admin','2018-10-02 00:00:00','ASIN1 MODULO SOLICITUD DE VINCULACION V1.docx','V',NULL,NULL),(56,1,56,'Creacion de Documento','admin','2018-10-02 00:00:00','admin','2018-10-02 00:00:00','admin','2018-10-02 00:00:00','ASIN2 CONSULTA EFECTIVA COOPCENTRAL V1.docx','V',NULL,NULL),(57,3,57,'Creacion de Documento','admin','2019-06-29 00:00:00','admin','2019-06-29 00:00:00','admin','2019-09-06 00:00:00','ASPR1 VINCULACION DE ASOCIADOS V3.docx','V',NULL,NULL),(58,3,58,'Creacion de Documento','admin','2019-12-04 00:00:00','admin','2019-12-04 00:00:00','admin','2019-12-04 00:00:00','ASPR2 RETIRO DE ASOCIADOS V3.docx','V',NULL,NULL),(59,1,59,'Creacion de Documento','admin','2018-10-02 00:00:00','admin','2018-10-02 00:00:00','admin','2018-10-02 00:00:00','ASPR3 VINCULACION DE ASOCIADOS PEP V1.docx','V',NULL,NULL),(60,1,60,'Creacion de Documento','admin','2018-10-02 00:00:00','admin','2018-10-02 00:00:00','admin','2018-10-02 00:00:00','ASPR4 TRAMITE FALLECIMIENTO DE ASOCIADO V1.docx','V',NULL,NULL),(61,2,61,'Creacion de Documento','admin','2019-06-18 00:00:00','admin','2019-06-18 00:00:00','admin','2019-06-18 00:00:00','ASPR5 TRASLADO DE INFANTIL A ADULTO V2.docx','V',NULL,NULL),(62,1,62,'Creacion de Documento','admin','2019-03-08 00:00:00','admin','2019-03-08 00:00:00','admin','2019-03-08 00:00:00','ASPR6 CORRECCION AL NOMBRE Y NUMERO DE IDENTIFICACION DEL ASOCIADO V1.docx','V',NULL,NULL),(63,1,63,'Creacion de Documento','admin','2019-02-25 00:00:00','admin','2019-02-25 00:00:00','admin','2019-02-25 00:00:00','ASPR7 ACTUALIZACION DE DATOS V1.docx','V',NULL,NULL),(64,1,64,'Creacion de Documento','admin','2019-02-25 00:00:00','admin','2019-02-25 00:00:00','admin','2019-02-25 00:00:00','ASPR8 ACTUALIZACION DEL ASOCIADO EN CENTRALES DE RIESGO V1.docx','V',NULL,NULL),(65,1,65,'Creacion de Documento','admin','2019-03-11 00:00:00','admin','2019-03-11 00:00:00','admin','2019-03-11 00:00:00','ASPR9 CONSULTA Y RECLAMOS DE TRATAMIENTO DE LOS DATOS PERSONALES V1.docx','V',NULL,NULL),(66,1,66,'Creacion de Documento','admin','2019-02-25 00:00:00','admin','2019-02-25 00:00:00','admin','2019-02-25 00:00:00','ASPR10 AUTORIZACION DE TERCEROS MEDIANTE PODER V1.docx','V',NULL,NULL),(67,1,67,'Creacion de Documento','admin','2019-04-24 00:00:00','admin','2019-04-24 00:00:00','admin','2019-04-24 00:00:00','ASPR11 ESTADO DE APORTES V1.docx','V',NULL,NULL),(68,2,68,'Creacion de Documento','admin','2018-11-02 00:00:00','admin','2018-11-02 00:00:00','admin','2018-11-02 00:00:00','CAFO1 NOTIFICACION MORA INFERIOR A 30 DIAS V2.doc','V',NULL,NULL),(69,2,69,'Creacion de Documento','admin','2018-11-02 00:00:00','admin','2018-11-02 00:00:00','admin','2018-11-02 00:00:00','CAFO2 NOTIFICACION MORA INFERIOR A 60 DIAS  V2.doc','V',NULL,NULL),(70,2,70,'Creacion de Documento','admin','2018-11-02 00:00:00','admin','2018-11-02 00:00:00','admin','2018-11-02 00:00:00','CAFO3 NOTIFICACION COBRO PREJURIDICO  V2.doc','V',NULL,NULL),(71,1,71,'Creacion de Documento','admin','2018-11-02 00:00:00','admin','2018-11-02 00:00:00','admin','2018-11-02 00:00:00','CAFO4 ACUERDO DE PAGO V1.xlsx','V',NULL,NULL),(72,1,72,'Creacion de Documento','admin','2018-11-02 00:00:00','admin','2018-11-02 00:00:00','admin','2018-11-02 00:00:00','CAFO5 INFORME ASOCIADOS EXCLUIDOS  V1.xlsx','V',NULL,NULL),(73,1,73,'Creacion de Documento','admin','2018-11-02 00:00:00','admin','2018-11-02 00:00:00','admin','2018-11-02 00:00:00','CAFO6 SOLICITUD CASTIGO DE CARTERA V1.xlsx','V',NULL,NULL),(74,1,74,'Creacion de Documento','admin','2018-11-02 00:00:00','admin','2018-11-02 00:00:00','admin','2018-11-02 00:00:00','CAFO7 RELACION CUENTAS PARA CASTIGO DE CARTERA V1.xlsx','V',NULL,NULL),(75,1,75,'Creacion de Documento','admin','2018-11-02 00:00:00','admin','2018-11-02 00:00:00','admin','2018-11-02 00:00:00','CAFO8 SOLICITUD CASTIGO DE COSTAS JUDICIALES DE CARTERA CASTIGADA V1.xlsx','V',NULL,NULL),(76,1,76,'Creacion de Documento','admin','2018-11-02 00:00:00','admin','2018-11-02 00:00:00','admin','2018-11-02 00:00:00','CAFO9 INFORME MENSUAL CREDITOS EN COBRO JURIDICO Y CARTERA CASTIGADA V1.xlsx','V',NULL,NULL),(77,1,77,'Creacion de Documento','admin','2019-03-14 00:00:00','admin','2019-03-14 00:00:00','admin','2019-03-14 00:00:00','CAFO10 SOLICITUD NORMALIZACION DE CARTERA V1.docx','V',NULL,NULL),(78,1,78,'Creacion de Documento','admin','2018-11-02 00:00:00','admin','2018-11-02 00:00:00','admin','2018-11-02 00:00:00','CAFO11 PROPUESTA DE NORMALIZACION DE CARTERA V1.xlsx','V',NULL,NULL),(79,1,79,'Creacion de Documento','admin','2018-11-02 00:00:00','admin','2018-11-02 00:00:00','admin','2018-11-02 00:00:00','CAFO12 SOLICITUD CONDONACION CARTERA DE CREDITOS V1.xlsx','V',NULL,NULL),(80,1,80,'Creacion de Documento','admin','2018-11-02 00:00:00','admin','2018-11-02 00:00:00','admin','2018-11-02 00:00:00','CAFO13 ABONO A OBLIGACIONES EN ESTADO NORMAL  CUANDO HAY CONDONACION  V1.xlsx','V',NULL,NULL),(81,1,81,'Creacion de Documento','admin','2019-04-26 00:00:00','admin','2019-04-26 00:00:00','admin','2019-04-26 00:00:00','CAFO14 INFORME GENERAL DE ABOGADOS V1.xlsx','V',NULL,NULL),(82,1,82,'Creacion de Documento','admin','2019-06-25 00:00:00','admin','2019-06-25 00:00:00','admin','2019-06-25 00:00:00','CAFO15 REMISION DE OBLIGACIONES A COBRO JURIDICO V1.xlsx','V',NULL,NULL),(83,1,83,'Creacion de Documento','admin','2019-06-20 00:00:00','admin','2019-06-20 00:00:00','admin','2019-06-20 00:00:00','CAPR1 GESTION DE COBROS Y RECUPERACION DE CARTERA DE CREDITOS V1.docx','V',NULL,NULL),(84,1,84,'Creacion de Documento','admin','2019-06-20 00:00:00','admin','2019-06-20 00:00:00','admin','2019-06-20 00:00:00','CAPR2 COBRO PRE JURIDICO V1.docx','V',NULL,NULL),(85,1,85,'Creacion de Documento','admin','2018-10-29 00:00:00','admin','2018-10-29 00:00:00','admin','2018-10-29 00:00:00','CAPR3 COBRO JURIDICO V1.docx','V',NULL,NULL),(86,1,86,'Creacion de Documento','admin','2018-10-29 00:00:00','admin','2018-10-29 00:00:00','admin','2018-10-29 00:00:00','CAPR4 PROCEDIMIENTO CASTIGO DE CARTERA V1.docx','V',NULL,NULL),(87,1,87,'Creacion de Documento','admin','2018-10-04 00:00:00','admin','2018-10-04 00:00:00','admin','2018-10-04 00:00:00','CAPR5 NORMALIZACION DE CARTERA V1.docx','V',NULL,NULL),(88,1,88,'Creacion de Documento','admin','2018-10-02 00:00:00','admin','2018-10-02 00:00:00','admin','2018-10-02 00:00:00','CAPR6 CONDONACION CARTERA DE CREDITOS V1.docx','V',NULL,NULL),(89,1,89,'Creacion de Documento','admin','2019-05-25 00:00:00','admin','2019-05-25 00:00:00','admin','2019-05-25 00:00:00','CAPR7 EVALUACION DE LA CARTERA V1.docx','V',NULL,NULL),(90,1,90,'Creacion de Documento','admin','2019-06-17 00:00:00','admin','2019-06-17 00:00:00','admin','2019-06-17 00:00:00','CAPR8 EXCLUSION DE ASOCIADOS V1.docx','V',NULL,NULL),(91,1,91,'Creacion de Documento','admin','2018-11-05 00:00:00','admin','2018-11-05 00:00:00','admin','2018-11-05 00:00:00','CCFO1 SOLICITUD DE CREDITO PERSONA NATURAL V1.pdf','V',NULL,NULL),(92,1,92,'Creacion de Documento','admin','2018-11-05 00:00:00','admin','2018-11-05 00:00:00','admin','2018-11-05 00:00:00','CCFO2 PAGARE V1.xlsx','V',NULL,NULL),(93,0,93,'Creacion de Documento','admin',NULL,'admin',NULL,'admin',NULL,NULL,'C',NULL,NULL),(94,2,94,'Creacion de Documento','admin','2018-11-05 00:00:00','admin','2018-11-05 00:00:00','admin','2019-03-20 00:00:00','CCFO4 CARTA DE INSTRUCCIONES ABIERTA V2.docx','V',NULL,NULL),(95,1,95,'Creacion de Documento','admin','2018-11-05 00:00:00','admin','2018-11-05 00:00:00','admin','2018-11-05 00:00:00','CCFO5 INFORMACION PREVIA AL OTORGAMIENTO DEL CREDITO V1.xlsx','V',NULL,NULL),(96,1,96,'Creacion de Documento','admin','2018-11-05 00:00:00','admin','2018-11-05 00:00:00','admin','2018-11-05 00:00:00','CCFO6 CONTROL CONSULTAS CENTRALES DE RIESGO V1.xlsx','V',NULL,NULL),(97,1,97,'Creacion de Documento','admin','2018-11-05 00:00:00','admin','2018-11-05 00:00:00','admin','2018-11-05 00:00:00','CCFO7 ESTADO DE CUENTA CREDITO ROTATIVO V1.xlsx','V',NULL,NULL),(98,1,98,'Creacion de Documento','admin','2019-06-18 00:00:00','admin','2019-06-18 00:00:00','admin','2019-06-18 00:00:00','CCFO8 CONSTANCIA DE APROBACION DE CREDITO HIPOTECARIO V1.docx','V',NULL,NULL),(99,1,99,'Creacion de Documento','admin','2019-06-18 00:00:00','admin','2019-06-18 00:00:00','admin','2019-06-18 00:00:00','CCFO9 SOLICITUD ESTUDIO DE TITULOS V1.docx','V',NULL,NULL),(100,1,100,'Creacion de Documento','admin','2019-06-18 00:00:00','admin','2019-06-18 00:00:00','admin','2019-06-18 00:00:00','CCFO10 SOLICITUD AVALUO COMERCIAL V1.docx','V',NULL,NULL),(101,1,101,'Creacion de Documento','admin','2019-06-18 00:00:00','admin','2019-06-18 00:00:00','admin','2019-06-18 00:00:00','CCFO11 SOLICITUD ELABORACION MINUTA HIPOTECARIA V1.docx','V',NULL,NULL),(102,1,102,'Creacion de Documento','admin','2019-06-18 00:00:00','admin','2019-06-18 00:00:00','admin','2019-06-18 00:00:00','CCFO12 SOLICITUD ELABORACION ESCRITURA V1.docx','V',NULL,NULL),(103,1,103,'Creacion de Documento','admin','2019-06-18 00:00:00','admin','2019-06-18 00:00:00','admin','2019-06-18 00:00:00','CCFO13 SOLICITUD REVISION FIRMA ESCRITURA V1.docx','V',NULL,NULL),(104,1,104,'Creacion de Documento','admin','2019-06-18 00:00:00','admin','2019-06-18 00:00:00','admin','2019-06-18 00:00:00','CCFO14 SOLICITUD CONCEPTO FINAL REGISTRO ESCRITURA PUBLICA V1.docx','V',NULL,NULL),(105,1,105,'Creacion de Documento','admin','2019-06-18 00:00:00','admin','2019-06-18 00:00:00','admin','2019-06-18 00:00:00','CCFO15 CANCELACION DE HIPOTECA V1.docx','V',NULL,NULL),(106,1,106,'Creacion de Documento','admin','2019-06-18 00:00:00','admin','2019-06-18 00:00:00','admin','2019-06-18 00:00:00','CCFO16 ACTA DE ELIMINACION DE PAGARES. V1.docx','V',NULL,NULL),(107,1,107,'Creacion de Documento','admin','2019-06-18 00:00:00','admin','2019-06-18 00:00:00','admin','2019-06-18 00:00:00','CCFO17 NOTIFICACION VIABILIDAD DE CREDITO CON GARANTIA PRENDARIA V1.docx','V',NULL,NULL),(108,1,108,'Creacion de Documento','admin','2019-06-18 00:00:00','admin','2019-06-18 00:00:00','admin','2019-06-18 00:00:00','CCFO18 CONTRATO DE PRENDA ABIERTA SIN TENENCIA DEL ACREEDOR V1.docx','V',NULL,NULL),(109,1,109,'Creacion de Documento','admin','2019-06-18 00:00:00','admin','2019-06-18 00:00:00','admin','2019-06-18 00:00:00','CCFO19 CONTRATO DE CESION DE DERECHOS VINCULACION Y AFILIACION V1.docx','V',NULL,NULL),(110,1,110,'Creacion de Documento','admin','2019-06-18 00:00:00','admin','2019-06-18 00:00:00','admin','2019-06-18 00:00:00','CCFO20 LEVANTAMIENTO DE PRENDA V1.docx','V',NULL,NULL),(111,1,111,'Creacion de Documento','admin','2019-06-18 00:00:00','admin','2019-06-18 00:00:00','admin','2019-06-18 00:00:00','CCFO21 SOLICITUD DE RENOVACION DE POLIZAS V1.docx','V',NULL,NULL),(112,1,112,'Creacion de Documento','admin','2020-08-10 00:00:00','admin','2020-08-10 00:00:00','admin','2020-08-10 00:00:00','CCFO22 CONTROL CREDITOS DESEMBOLSADOS CON AVAL FRG V1.xlsx','V',NULL,NULL),(113,1,113,'Creacion de Documento','admin','2020-06-09 00:00:00','admin','2020-06-09 00:00:00','admin','2020-06-09 00:00:00','CCFO23 CERTIFICADO DE ESTADO DE OBLIGACION AMPARADA POR EL FRG. V1.docx','V',NULL,NULL),(114,3,114,'Creacion de Documento','admin','2019-06-25 00:00:00','admin','2019-06-25 00:00:00','admin','2019-06-25 00:00:00','CCPR1 ASESORIA Y RADICACION DE CREDITOS V3.docx','V',NULL,NULL),(115,3,115,'Creacion de Documento','admin','2019-06-25 00:00:00','admin','2019-06-25 00:00:00','admin','2019-06-25 00:00:00','CCPR2 ANALISIS Y APROBACION DE CREDITOS V3.docx','V',NULL,NULL),(116,1,116,'Creacion de Documento','admin','2018-11-05 00:00:00','admin','2018-11-05 00:00:00','admin','2018-11-05 00:00:00','CCPR3 LEGALIZACION DE GARANTIAS Y DESEMBOLSO DE CREDITOS V1.docx','V',NULL,NULL),(117,1,117,'Creacion de Documento','admin','2018-11-05 00:00:00','admin','2018-11-05 00:00:00','admin','2018-11-05 00:00:00','CCPR4 CREDITO CUPO ROTATIVO V1.docx','V',NULL,NULL),(118,1,118,'Creacion de Documento','admin','2018-12-26 00:00:00','admin','2018-12-26 00:00:00','admin','2018-12-26 00:00:00','CCPR5 CONSTITUCION Y CANCELACION DE GARANTIA HIPOTECARIA. V1.docx','V',NULL,NULL),(119,1,119,'Creacion de Documento','admin','2019-04-26 00:00:00','admin','2019-04-26 00:00:00','admin','2019-04-26 00:00:00','CCPR6 CUSTODIA Y DEPURACION DE PAGARE V1.docx','V',NULL,NULL),(120,1,120,'Creacion de Documento','admin','2019-04-29 00:00:00','admin','2019-04-29 00:00:00','admin','2019-04-29 00:00:00','CCPR7 CONSTITUCION Y CANCELACION OTRAS GARANTIAS REALES V1.docx','V',NULL,NULL),(121,1,121,'Creacion de Documento','admin','2020-08-10 00:00:00','admin','2020-08-10 00:00:00','admin','2020-08-10 00:00:00','CCPR8 MANEJO DE CREDITO CON  AVAL FONDO REGIONAL DE GARANTIAS V1.docx','V',NULL,NULL),(122,1,122,'Creacion de Documento','admin','2018-10-15 00:00:00','admin','2018-10-15 00:00:00','admin','2018-10-15 00:00:00','CJFO1 ARQUEO PROVISIONAL  DE CAJA V1.xlsx','V',NULL,NULL),(123,1,123,'Creacion de Documento','admin','2018-10-15 00:00:00','admin','2018-10-15 00:00:00','admin','2018-10-15 00:00:00','CJFO2 ARQUEO MENSUAL DE CHEQUES V1.xlsx','V',NULL,NULL),(124,1,124,'Creacion de Documento','admin','2018-10-15 00:00:00','admin','2018-10-15 00:00:00','admin','2018-10-15 00:00:00','CJFO3 RETENCION MONEDA FALSA Y BILLETE APARENTEMENTE FALSO V1.xlsx','V',NULL,NULL),(125,1,125,'Creacion de Documento','admin','2018-10-15 00:00:00','admin','2018-10-15 00:00:00','admin','2018-10-15 00:00:00','CJFO4 AUTORIZACION SERVICIO DE POLICIA V1.xlsx','V',NULL,NULL),(126,1,126,'Creacion de Documento','admin','2018-10-15 00:00:00','admin','2018-10-15 00:00:00','admin','2018-10-15 00:00:00','CJFO5 REPORTE INTERNO SOBRE OPERACIONES SOSPECHOSAS V1.xlsx','V',NULL,NULL),(127,1,127,'Creacion de Documento','admin','2018-10-15 00:00:00','admin','2018-10-15 00:00:00','admin','2018-10-15 00:00:00','CJFO6 CONTROL DIARIO DE CHEQUES GIRADOS V1.xlsx','V',NULL,NULL),(128,1,128,'Creacion de Documento','admin','2019-01-28 00:00:00','admin','2019-01-28 00:00:00','admin','2019-01-28 00:00:00','CJFO7 DECLARACION INDIVIDUAL DE TRANSACCIONES EN EFECTIVO V1.xlsx','V',NULL,NULL),(129,1,129,'Creacion de Documento','admin','2019-10-09 00:00:00','admin','2019-10-09 00:00:00','admin','2019-10-09 00:00:00','CJFO8 CONTROL DE COLILLAS SERVICIOS PUBLICOS V1.xlsx','V',NULL,NULL),(130,1,130,'Creacion de Documento','admin','2019-10-31 00:00:00','admin','2019-10-31 00:00:00','admin','2019-10-31 00:00:00','CJFO9 SOLICITUD DE REVERSION TRANSACCIONES EN CAJA V1.xlsx','V',NULL,NULL),(131,1,131,'Creacion de Documento','admin','2019-10-31 00:00:00','admin','2019-10-31 00:00:00','admin','2019-10-31 00:00:00','CJFO10 SOLICITUD AUMENTO BASE DE SERVICAJA V1.xlsx','V',NULL,NULL),(132,1,132,'Creacion de Documento','admin','2020-03-17 00:00:00','admin','2020-03-17 00:00:00','admin','2020-03-17 00:00:00','CJFO11 AUTORIZACION TRASLADO FONDOS CUENTA DE AHORROS  V1.xlsx','V',NULL,NULL),(133,1,133,'Creacion de Documento','admin','2018-10-15 00:00:00','admin','2018-10-15 00:00:00','admin','2018-10-15 00:00:00','CJIN1 CONFIGURACION DEL PINPAD V1.docx','V',NULL,NULL),(134,1,134,'Creacion de Documento','admin','2018-10-02 00:00:00','admin','2018-10-02 00:00:00','admin','2018-10-02 00:00:00','CJIN2 OPERACIONES DESDE EL VIRTUAL POS EN CAJA V1.docx','V',NULL,NULL),(135,1,135,'Creacion de Documento','admin','2018-10-15 00:00:00','admin','2018-10-15 00:00:00','admin','2018-10-15 00:00:00','CJPR1 CONSIGNACION Y RETIRO EN CUENTAS DE AHORROS V1.docx','V',NULL,NULL),(136,1,136,'Creacion de Documento','admin','2018-10-02 00:00:00','admin','2018-10-02 00:00:00','admin','2018-10-02 00:00:00','CJPR2 RECAUDO SERVICIOS PUBLICOS V1.docx','V',NULL,NULL),(137,1,137,'Creacion de Documento','admin','2018-10-15 00:00:00','admin','2018-10-15 00:00:00','admin','2018-10-15 00:00:00','CJPR3 GESTION Y TRAMITE DE CHEQUES V1.docx','V',NULL,NULL),(138,1,138,'Creacion de Documento','admin','2018-10-15 00:00:00','admin','2018-10-15 00:00:00','admin','2018-10-15 00:00:00','CJPR4 ARQUEO PROVISIONAL DE CAJA V1.docx','V',NULL,NULL),(139,1,139,'Creacion de Documento','admin','2018-10-15 00:00:00','admin','2018-10-15 00:00:00','admin','2018-10-15 00:00:00','CJPR5 PROCESOS DE CAJA V1.docx','V',NULL,NULL),(140,1,140,'Creacion de Documento','admin','2018-10-15 00:00:00','admin','2018-10-15 00:00:00','admin','2018-10-15 00:00:00','CJPR6 TRAMITE DE BILLETES Y MONEDAS FALSAS V1.docx','V',NULL,NULL),(141,1,141,'Creacion de Documento','admin','2018-10-15 00:00:00','admin','2018-10-15 00:00:00','admin','2018-10-15 00:00:00','CJPR7 TRANSACCIONES EN CAJA TARJETA DEBITO V1.docx','V',NULL,NULL),(142,1,142,'Creacion de Documento','admin','2018-10-31 00:00:00','admin','2018-10-31 00:00:00','admin','2018-10-31 00:00:00','CJPR8 CUADRE DE CAJA FINAL V1.docx','V',NULL,NULL),(143,1,143,'Creacion de Documento','admin','2020-09-08 00:00:00','admin','2020-09-08 00:00:00','admin','2020-09-08 00:00:00','CLFO1 LSITADO MAESTRO DE DOCUMENTOS V.xlsx','V',NULL,NULL),(144,1,144,'Creacion de Documento','admin','2020-07-27 00:00:00','admin','2020-07-27 00:00:00','admin','2020-07-27 00:00:00','CLFO2 SOLICITUD DE CREACION, ACTUALIZACION O ELIMINACION DE  DOCUMENTOS V1.xlsx','V',NULL,NULL),(145,1,145,'Creacion de Documento','admin','2020-06-09 00:00:00','admin','2020-06-09 00:00:00','admin','2020-06-09 00:00:00','CLFO3 ACTA DE APROBACION DOCUMENTOS DE PROCEDIMIENTOS V1.docx','V',NULL,NULL),(146,1,146,'Creacion de Documento','admin','2019-04-02 00:00:00','admin','2019-04-02 00:00:00','admin','2019-04-02 00:00:00','CNFO1 MINUTA CONVENIO PARA EL PAGO DE SALARIOS A EMPLEADOS  V1.docx','V',NULL,NULL),(147,1,147,'Creacion de Documento','admin','2020-06-09 00:00:00','admin','2020-06-09 00:00:00','admin','2020-06-09 00:00:00','CNFO2 RESPONSABLES Y TIPO DE CONVENIOS EMPRESARIALES V1.xlsx','V',NULL,NULL),(148,1,148,'Creacion de Documento','admin','2020-06-09 00:00:00','admin','2020-06-09 00:00:00','admin','2020-06-09 00:00:00','CNFO3 PROPUESTA COMERCIAL V1.docx','V',NULL,NULL),(149,1,149,'Creacion de Documento','admin','2019-04-02 00:00:00','admin','2019-04-02 00:00:00','admin','2019-04-02 00:00:00','CNFO4 EVALUACION INICIAL CONVENIO PAGO DE SALARIOS V1.xlsx','V',NULL,NULL),(150,1,150,'Creacion de Documento','admin','2020-06-09 00:00:00','admin','2020-06-09 00:00:00','admin','2020-06-09 00:00:00','CNFO5 LISTA DE CHEQUEO CONVENIOS PAGO DE SALARIOS Y DESCUENTO LIBRANZA V1.xlsx','V',NULL,NULL),(151,1,151,'Creacion de Documento','admin','2020-06-09 00:00:00','admin','2020-06-09 00:00:00','admin','2020-06-09 00:00:00','CNFO6 CARTA DE INSTRUCCIONES CONVENIO PAGO DE SALARIOS V1.docx','V',NULL,NULL),(152,1,152,'Creacion de Documento','admin','2019-05-08 00:00:00','admin','2019-05-08 00:00:00','admin','2019-05-08 00:00:00','CNFO7 FIRMAS AUTORIZADAS DE CONVENIOS V1.xlsx','V',NULL,NULL),(153,0,153,'Creacion de Documento','admin',NULL,'admin',NULL,'admin',NULL,NULL,'C',NULL,NULL),(154,0,154,'Creacion de Documento','admin',NULL,'admin',NULL,'admin',NULL,NULL,'C',NULL,NULL),(155,1,155,'Creacion de Documento','admin','2020-08-06 00:00:00','admin','2020-08-06 00:00:00','admin','2020-08-06 00:00:00','CNFO10 FICHA TECNICA CONVENIO V1.xlsx','V',NULL,NULL),(156,1,156,'Creacion de Documento','admin','2020-08-06 00:00:00','admin','2020-08-06 00:00:00','admin','2020-08-06 00:00:00','CNFO11 SOLICITUD DE CREDITO CONVENIO CICLO CROSS AIPE V1.xlsx','V',NULL,NULL),(157,1,157,'Creacion de Documento','admin','2020-08-06 00:00:00','admin','2020-08-06 00:00:00','admin','2020-08-06 00:00:00','CNFO12 AUTORIZACION GIRO DE DINERO A CICLO CROSS AIPE V1.docx','V',NULL,NULL),(158,1,158,'Creacion de Documento','admin','2020-08-06 00:00:00','admin','2020-08-06 00:00:00','admin','2020-08-06 00:00:00','CNFO13 AUTORIZACION ENTREGA ARTICULOS POR PARTE CICLO CROSS AIPE V1.docx','V',NULL,NULL),(159,1,159,'Creacion de Documento','admin','2020-11-14 00:00:00','admin','2020-11-14 00:00:00','admin','2020-11-14 00:00:00','CNFO14 SOLICITUD DE ARRENDAMIENTO DATAFONO V1.xlsx','V',NULL,NULL),(160,1,160,'Creacion de Documento','admin','2020-11-14 00:00:00','admin','2020-11-14 00:00:00','admin','2020-11-14 00:00:00','CNFO15 CONTRATO DE ARRENDAMIENTO DE TERMINALES DE PUNTO DE VENTA (POS) V1.docx','V',NULL,NULL),(161,1,161,'Creacion de Documento','admin','2020-09-25 00:00:00','admin','2020-09-25 00:00:00','admin','2020-09-25 00:00:00','CNFO16 CONTRATO DE COMPRAVENTA V1.docx','V',NULL,NULL),(162,1,162,'Creacion de Documento','admin','2020-11-13 00:00:00','admin','2020-11-13 00:00:00','admin','2020-11-13 00:00:00','CNFO17 CONVENIO DE SERVICIOS FUNERARIOS  CASA DE FUNERALES LA PAZ NORTE V1.docx','V',NULL,NULL),(163,1,163,'Creacion de Documento','admin','2020-11-13 00:00:00','admin','2020-11-13 00:00:00','admin','2020-11-13 00:00:00','CNFO18 CONVENIO DE SERVICIOS DE PAUTA PUBLICITARIA V1.docx','V',NULL,NULL),(164,1,164,'Creacion de Documento','admin','2021-01-05 00:00:00','admin','2021-01-05 00:00:00','admin','2021-01-05 00:00:00','CNFO19 CONVENIO DE SERVICIOS FUNERARIOS GRUPO FUNERARIO DEL HUILA S.A.S. V1.docx','V',NULL,NULL),(165,1,165,'Creacion de Documento','admin','2020-10-05 00:00:00','admin','2020-10-05 00:00:00','admin','2020-10-05 00:00:00','CNFO20 CONTROL CONVENIOS INTERNOS  V1.xlsx','V',NULL,NULL),(166,1,166,'Creacion de Documento','admin','2021-02-06 00:00:00','admin','2021-02-06 00:00:00','admin','2021-02-06 00:00:00','CNFO21 CONVENIO INTEREMPRESARIAL  V1','V',NULL,NULL),(167,1,167,'Creacion de Documento','admin','2019-04-02 00:00:00','admin','2019-04-02 00:00:00','admin','2019-04-02 00:00:00','CNFO22 OTRO SI AL CONVENIO V1.docx','V',NULL,NULL),(168,1,168,'Creacion de Documento','admin','2020-10-05 00:00:00','admin','2020-10-05 00:00:00','admin','2020-10-05 00:00:00','CNIN1 MANEJO OPERATIVO DATAFONO V1.docx','V',NULL,NULL),(169,1,169,'Creacion de Documento','admin','2020-10-05 00:00:00','admin','2020-10-05 00:00:00','admin','2020-10-05 00:00:00','CNIN2 CONFIGURACION INICIAL DATAFONO V1.docx','V',NULL,NULL),(170,1,170,'Creacion de Documento','admin','2020-06-09 00:00:00','admin','2020-06-09 00:00:00','admin','2020-06-09 00:00:00','CNPR1 CONVENIOS EXTERNOS V1.docx','V',NULL,NULL),(171,1,171,'Creacion de Documento','admin','2020-06-09 00:00:00','admin','2020-06-09 00:00:00','admin','2020-06-09 00:00:00','CNPR2 CONVENIOS PAGO DE SALARIOS V1.docx','V',NULL,NULL),(172,1,172,'Creacion de Documento','admin','2020-06-09 00:00:00','admin','2020-06-09 00:00:00','admin','2020-06-09 00:00:00','CNPR3 PAGOS DE SALARIOS POR TRANSFERENCIA ACH V1.docx','V',NULL,NULL),(173,1,173,'Creacion de Documento','admin','2020-06-09 00:00:00','admin','2020-06-09 00:00:00','admin','2020-06-09 00:00:00','CNPR4 PLANES EXEQUIALES  V1.docx','V',NULL,NULL),(174,1,174,'Creacion de Documento','admin','2020-08-06 00:00:00','admin','2020-08-06 00:00:00','admin','2020-08-06 00:00:00','CNPR5 CONVENIO CICLO CROSS AIPE HUILA V1.docx','V',NULL,NULL),(175,1,175,'Creacion de Documento','admin','2021-01-14 00:00:00','admin','2021-01-14 00:00:00','admin','2021-01-14 00:00:00','DLFO1 INSCRIPCION DE PLANCHA PARA ELECCIONES DE ASPIRANTES A DELEGADOS  V1.xlsx','V',NULL,NULL),(176,1,176,'Creacion de Documento','admin','2021-01-14 00:00:00','admin','2021-01-14 00:00:00','admin','2021-01-14 00:00:00','DLFO2 CONTROL INSCRIPCION DE PLANCHA PARA ELECCIONES DE ASPIRANTES A DELEGADOS  V1.xlsx','V',NULL,NULL),(177,1,177,'Creacion de Documento','admin','2021-01-14 00:00:00','admin','2021-01-14 00:00:00','admin','2021-01-14 00:00:00','DLFO3 VERIFICACION DE REQUISITOS V1.xlsx','V',NULL,NULL),(178,1,178,'Creacion de Documento','admin','2021-01-14 00:00:00','admin','2021-01-14 00:00:00','admin','2021-01-14 00:00:00','DLFO4 INSCRIPCION A ASPIRANTE A DELEGADOS PARA LA ASAMBLEA DE DELEGADOS V1.xlsx','V',NULL,NULL),(179,1,179,'Creacion de Documento','admin','2021-02-24 00:00:00','admin','2021-02-24 00:00:00','admin','2021-02-24 00:00:00','DLFO5 CONVOCATORIA A LA ASAMBLEA GENERAR ORDINARIA DE COOPEAIPE V1.docx','V',NULL,NULL),(180,1,180,'Creacion de Documento','admin','2021-03-09 00:00:00','admin','2021-03-09 00:00:00','admin','2021-03-09 00:00:00','DLFO6 INSCRIPCION A ASPIRANTE MIEMBRO CONSEJO DE ADMINISTRACIÓN V1.xlsx','V',NULL,NULL),(181,1,181,'Creacion de Documento','admin','2021-03-09 00:00:00','admin','2021-03-09 00:00:00','admin','2021-03-09 00:00:00','DLFO7 INSCRIPCION A ASPIRANTE MIEMBRO JUNTA DE VIGILANCIA V1.xlsx','V',NULL,NULL),(182,1,182,'Creacion de Documento','admin','2021-03-09 00:00:00','admin','2021-03-09 00:00:00','admin','2021-03-09 00:00:00','DLFO8 INSCRIPCION ASPIRANTES CONSEJO DE ADMINISTRACION V1.xlsx','V',NULL,NULL),(183,1,183,'Creacion de Documento','admin','2021-03-09 00:00:00','admin','2021-03-09 00:00:00','admin','2021-03-09 00:00:00','DLFO9 INSCRIPCION A ASPIRANTE  JUNTA DE VIGILANCIA V1.xlsx','V',NULL,NULL),(184,1,184,'Creacion de Documento','admin','2021-01-14 00:00:00','admin','2021-01-14 00:00:00','admin','2021-01-14 00:00:00','DLRG1 ELECCION DE DELEGADOS V1.docx','V',NULL,NULL),(185,1,185,'Creacion de Documento','admin','2018-10-22 00:00:00','admin','2018-10-22 00:00:00','admin','2018-10-22 00:00:00','DEDE1 FORMULARIO DE SOLICITUD DE VINCULACION T ACTUALIZACION BEPS VNA.pdf','V',NULL,NULL),(186,1,186,'Creacion de Documento','admin','2018-10-02 00:00:00','admin','2018-10-02 00:00:00','admin','2018-10-02 00:00:00','DEDE2 SOLICITUD DE TARJETAS Y COMPLEMENTOS VNA.xls','V',NULL,NULL),(187,1,187,'Creacion de Documento','admin','2018-10-22 00:00:00','admin','2018-10-22 00:00:00','admin','2018-10-22 00:00:00','DEDE3 MANUAL DE USUARIO ELIBOM VNA.pdf','V',NULL,NULL),(188,1,188,'Creacion de Documento','admin','2019-03-24 00:00:00','admin','2019-03-24 00:00:00','admin','2019-03-24 00:00:00','FNFO1 CONCILIACION BANCARIA V1.xlsx','V',NULL,NULL),(189,1,189,'Creacion de Documento','admin','2019-03-24 00:00:00','admin','2019-03-24 00:00:00','admin','2019-03-24 00:00:00','FNFO2 REPORTE DE TRANSFERENCIAS YO CONSIGNACIONES BANCARIAS NO APLICADAS V1.xlsx','V',NULL,NULL),(190,1,190,'Creacion de Documento','admin','2019-03-24 00:00:00','admin','2019-03-24 00:00:00','admin','2019-03-24 00:00:00','FNIN1 APLICACION REVALORIZACION DE APORTES V1.docx','V',NULL,NULL),(191,1,191,'Creacion de Documento','admin','2019-03-24 00:00:00','admin','2019-03-24 00:00:00','admin','2019-03-24 00:00:00','FNPR1 CONCILIACION BANCARIA V1.docx','V',NULL,NULL),(192,1,192,'Creacion de Documento','admin','2019-03-24 00:00:00','admin','2019-03-24 00:00:00','admin','2019-03-24 00:00:00','FNPR2 LIQUIDACION DE INTERESES V1.docx','V',NULL,NULL),(193,1,193,'Creacion de Documento','admin','2019-03-24 00:00:00','admin','2019-03-24 00:00:00','admin','2019-03-24 00:00:00','FNPR3 GESTION CIERRE CONTABLE DIARIO V1.docx','V',NULL,NULL),(194,1,194,'Creacion de Documento','admin','2019-03-24 00:00:00','admin','2019-03-24 00:00:00','admin','2019-03-24 00:00:00','FNPR4 GESTION CIERRE CONTABLE MENSUAL V1.docx','V',NULL,NULL),(195,2,195,'Creacion de Documento','admin','2021-04-20 00:00:00','admin','2021-04-20 00:00:00','admin','2021-04-20 00:00:00','FNPR5 APLICACION DE TRANSFERENCIAS  YO CONSIGNACIONES BANCARIAS V2.docx','V',NULL,NULL),(196,1,196,'Creacion de Documento','admin','2019-03-24 00:00:00','admin','2019-03-24 00:00:00','admin','2019-03-24 00:00:00','FNPR6 REPORTES INFORMES EXTERNOS V1.docx','V',NULL,NULL),(197,1,197,'Creacion de Documento','admin','2018-12-18 00:00:00','admin','2018-12-18 00:00:00','admin','2018-12-18 00:00:00','FNPR7 DECLARACION Y PAGO DE IMPUESTOS NACIONALES V1.docx','V',NULL,NULL),(198,1,198,'Creacion de Documento','admin','2018-12-11 00:00:00','admin','2018-12-11 00:00:00','admin','2018-12-11 00:00:00','GDFO1 ROTULO PARA IDENTIFICACION DE CAJAS DE ARCHIVO X200 V1.xlsx','V',NULL,NULL),(199,1,199,'Creacion de Documento','admin','2018-12-11 00:00:00','admin','2018-12-11 00:00:00','admin','2018-12-11 00:00:00','GDFO2 ROTULO CARPETA V1.xlsx','V',NULL,NULL),(200,1,200,'Creacion de Documento','admin','2018-12-11 00:00:00','admin','2018-12-11 00:00:00','admin','2018-12-11 00:00:00','GDFO3 INVENTARIO DOCUMENTAL V1.xlsx','V',NULL,NULL),(201,1,201,'Creacion de Documento','admin','2020-06-09 00:00:00','admin','2020-06-09 00:00:00','admin','2020-06-09 00:00:00','GDFO4 ENTREGA DE DOCUMENTOS ASOCIADOS V1.xlsx','V',NULL,NULL),(202,1,202,'Creacion de Documento','admin','2018-12-18 00:00:00','admin','2018-12-18 00:00:00','admin','2018-12-18 00:00:00','GDIN1 FOLIACION DE DOCUMENTOS V1.docx','V',NULL,NULL),(203,1,203,'Creacion de Documento','admin','2020-06-18 00:00:00','admin','2020-06-18 00:00:00','admin','2020-06-18 00:00:00','GDIN2 TRANSFERENCIA DE ARCHIVOS V1.docx','V',NULL,NULL),(204,1,204,'Creacion de Documento','admin','2018-12-18 00:00:00','admin','2018-12-18 00:00:00','admin','2018-12-18 00:00:00','GDPR1 HISTORIA DE ASOCIADOS V1.docx','V',NULL,NULL),(205,1,205,'Creacion de Documento','admin','2018-12-18 00:00:00','admin','2018-12-18 00:00:00','admin','2018-12-18 00:00:00','GDPR2 RADICACION DE CORRESPONDENCIA V1.docx','V',NULL,NULL),(206,1,206,'Creacion de Documento','admin','2018-12-18 00:00:00','admin','2018-12-18 00:00:00','admin','2018-12-18 00:00:00','GDPR3 ELIMINACION DE DOCUMENTOS HOJA DE VIDA DEL ASOCIADO V1.docx','V',NULL,NULL),(207,1,207,'Creacion de Documento','admin','2018-10-02 00:00:00','admin','2018-10-02 00:00:00','admin','2018-10-02 00:00:00','MTFO1 SOLICITUD REGISTRO MULTIPORTAL V1.docx','V',NULL,NULL),(208,1,208,'Creacion de Documento','admin','2020-06-09 00:00:00','admin','2020-06-09 00:00:00','admin','2020-06-09 00:00:00','MTFO2 CERTIFICACION DE CUENTAS PARA CONSIGNAR EL SALARIO V1.docx','V',NULL,NULL),(209,1,209,'Creacion de Documento','admin','2020-07-14 00:00:00','admin','2020-07-14 00:00:00','admin','2020-07-14 00:00:00','MTFO3 CERTIFICACION CUENTA PARA TRANSFERENCIAS INTERBANCARIAS. V1.docx','V',NULL,NULL),(210,1,210,'Creacion de Documento','admin','2020-03-25 00:00:00','admin','2020-03-25 00:00:00','admin','2020-03-25 00:00:00','MTMA1 MANUAL DE USO MULTIPORTAL TRANSACCIONAL PERSONA NATURAL COOPEAIPE V1.docx','V',NULL,NULL),(211,1,211,'Creacion de Documento','admin','2020-03-25 00:00:00','admin','2020-03-25 00:00:00','admin','2020-03-25 00:00:00','MTMA2 MANUAL DE USO TRANSFIYA COOPEAIPE V1.docx','V',NULL,NULL),(212,1,212,'Creacion de Documento','admin','2020-03-25 00:00:00','admin','2020-03-25 00:00:00','admin','2020-03-25 00:00:00','MTMA3 MANUAL DE USO TRANSACCIONES SIN TARJETA COOPEAIPE V1.docx','V',NULL,NULL),(213,1,213,'Creacion de Documento','admin','2020-04-08 00:00:00','admin','2020-04-08 00:00:00','admin','2020-04-08 00:00:00','NTFO1 SOLICITUD DE ALIVIO FINANCIERO V1.pdf','V',NULL,NULL),(214,1,214,'Creacion de Documento','admin','2020-04-08 00:00:00','admin','2020-04-08 00:00:00','admin','2020-04-08 00:00:00','NTFO2 AUTORIZACION RETIRO MESADA PENSIONAL CON OCASION DE LA PANDEMIA DERIVADA DEL CORONAVIRUS COVID19 V1.docx','V',NULL,NULL),(215,1,215,'Creacion de Documento','admin','2020-04-08 00:00:00','admin','2020-04-08 00:00:00','admin','2020-04-08 00:00:00','NTFO3 ACEPTACION AUTORIZACION RETIRO MESADA PENSIONAL CON OCASION DE LA PANDEMIA DERIVADA DEL CORONAVIRUS COVID19 V1.docx','V',NULL,NULL),(216,1,216,'Creacion de Documento','admin','2020-04-08 00:00:00','admin','2020-04-08 00:00:00','admin','2020-04-08 00:00:00','NTFO4 SOLICITUD DE PERIODO DE GRACIA CON OCASION DE LA PANDEMIA DERIVADA DEL CORONAVIRUS COVID19 V1.docx','V',NULL,NULL),(217,1,217,'Creacion de Documento','admin','2020-04-08 00:00:00','admin','2020-04-08 00:00:00','admin','2020-04-08 00:00:00','NTFO5 SOLICITUD DE AMPLIACION DE PLAZO CON OCASION DE LA PANDEMIA DERIVADA DEL CORONAVIRUS COVID19 V1.docx','V',NULL,NULL),(218,1,218,'Creacion de Documento','admin','2020-04-08 00:00:00','admin','2020-04-08 00:00:00','admin','2020-04-08 00:00:00','NTFO6 RESPUESTA SOLICITUD DE ALIVIO FINANCIERO CON OCASION DE LA PANDEMIA DERIVADA DEL CORONAVIRUS COVID19 V1.docx','V',NULL,NULL),(219,1,219,'Creacion de Documento','admin','2020-04-08 00:00:00','admin','2020-04-08 00:00:00','admin','2020-04-08 00:00:00','NTFO7 CONTROL DE INGRESO EMPLEADOS CON OCASION DE LA PANDEMIA DERIVADA DEL CORONAVIRUS COVID19 V1.xlsx','V',NULL,NULL),(220,1,220,'Creacion de Documento','admin','2020-04-08 00:00:00','admin','2020-04-08 00:00:00','admin','2020-04-08 00:00:00','NTFO8 ACTA DE COMPROMISO DE PROTOCOLOS DE BIOSEGURIDAD CON OCASION DE LA PANDEMIA DERIVADA DEL CORONAVIRUS COVID19 V1.docx','V',NULL,NULL),(221,1,221,'Creacion de Documento','admin','2020-04-08 00:00:00','admin','2020-04-08 00:00:00','admin','2020-04-08 00:00:00','NTIN1 INSTRUCTIVO DE USO Y LIMPIEZA DE EPP Y BARRERAS DE AISLAMIENTO FISICO CON OCASION DE LA PANDEMIA DERIVADA DEL CORONAVIRUS COVID19 V1.docx','V',NULL,NULL),(222,1,222,'Creacion de Documento','admin','2020-03-13 00:00:00','admin','2020-03-13 00:00:00','admin','2020-03-13 00:00:00','NTPR1 MEDIDAS DE PREVENCION EN LA ASAMBLEA GENERAL CON OCASION DE LA PANDEMIA DERIVADA DEL CORONAVIRUS COVID19 V1.docx','V',NULL,NULL),(223,1,223,'Creacion de Documento','admin','2020-03-25 00:00:00','admin','2020-03-25 00:00:00','admin','2020-03-25 00:00:00','NTPR2 ALIVIOS FINANCIEROS Y MODIFICACIONES DE CREDITOS CON OCASION DE LA PANDEMIA DERIVADA DEL CORONAVIRUS COVID19 V1.docx','V',NULL,NULL),(224,1,224,'Creacion de Documento','admin','2020-03-25 00:00:00','admin','2020-03-25 00:00:00','admin','2020-03-25 00:00:00','NTPR3 INGRESO, PERMANENCIA Y DESARROLLO DE LAS FUNCIONES DENTRO DE LAS INSTALACIONES CON OCASION DE LA PANDEMIA DERIVADA DEL CORONAVIRUS COVID19 V1.docx','V',NULL,NULL),(225,1,225,'Creacion de Documento','admin','2018-11-19 00:00:00','admin','2018-11-19 00:00:00','admin','2018-11-19 00:00:00','PVFO1 CONOCIMIENTO DE PROVEEDORES O CONTRATISTAS V1.xlsx','V',NULL,NULL),(226,1,226,'Creacion de Documento','admin','2019-06-18 00:00:00','admin','2019-06-18 00:00:00','admin','2019-06-18 00:00:00','PVFO2 CONSTANCIA DE INGRESOS V1.docx','V',NULL,NULL),(227,1,227,'Creacion de Documento','admin','2018-11-20 00:00:00','admin','2018-11-20 00:00:00','admin','2018-11-20 00:00:00','PVFO3 REGISTRO DE  PROVEEDORES V1.xlsx','V',NULL,NULL),(228,1,228,'Creacion de Documento','admin','2018-11-20 00:00:00','admin','2018-11-20 00:00:00','admin','2018-11-20 00:00:00','PVFO4 EVALUACION DE PROVEEDORES V1.xlsx','V',NULL,NULL),(229,1,229,'Creacion de Documento','admin','2018-11-20 00:00:00','admin','2018-11-20 00:00:00','admin','2018-11-20 00:00:00','PVFO5 COMPARACION DE PROVEEDORES V1.xlsx','V',NULL,NULL),(230,1,230,'Creacion de Documento','admin','2018-10-02 00:00:00','admin','2018-10-02 00:00:00','admin','2018-10-02 00:00:00','PVFO6 LEGALIZACION DE ANTICIPOS V1.xlsx','V',NULL,NULL),(231,1,231,'Creacion de Documento','admin','2019-07-09 00:00:00','admin','2019-07-09 00:00:00','admin','2019-07-09 00:00:00','PVIN1 RECEPCION DE FACTURAS O CUENTAS DE COBRO V1.docx','V',NULL,NULL),(232,2,232,'Creacion de Documento','admin','2019-06-19 00:00:00','admin','2019-06-19 00:00:00','admin','2019-06-19 00:00:00','PVPR1 PROCESO GESTION DE PROVEEDORES V2.docx','V',NULL,NULL),(233,1,233,'Creacion de Documento','admin','2019-06-18 00:00:00','admin','2019-06-18 00:00:00','admin','2019-06-18 00:00:00','SCFO1 PRESENTACION DEL PROYECTO SEMILLA COOPERATIVA V1.docx','V',NULL,NULL),(234,1,234,'Creacion de Documento','admin','2018-10-02 00:00:00','admin','2018-10-02 00:00:00','admin','2018-10-02 00:00:00','SCFO2 ACTA CONSTITUTIVA Y REGLAMENTO DEL GRUPO V1.docx','V',NULL,NULL),(235,1,235,'Creacion de Documento','admin','2020-03-12 00:00:00','admin','2020-03-12 00:00:00','admin','2020-03-12 00:00:00','SCFO3 LISTA DE PERSONAS INTERESADAS EN LA FORMACION DE GRUPOS DE SERVICIOS FINANCIEROS V1.xlsx','V',NULL,NULL),(236,1,236,'Creacion de Documento','admin','2018-10-02 00:00:00','admin','2018-10-02 00:00:00','admin','2018-10-02 00:00:00','SCFO4 ACTA MENSUAL DE REUNION  V1.docx','V',NULL,NULL),(237,1,237,'Creacion de Documento','admin','2018-10-02 00:00:00','admin','2018-10-02 00:00:00','admin','2018-10-02 00:00:00','SCFO5 ASIGNACION DE FUNCIONES LIDER V1.docx','V',NULL,NULL),(238,1,238,'Creacion de Documento','admin','2018-10-02 00:00:00','admin','2018-10-02 00:00:00','admin','2018-10-02 00:00:00','SCFO6 ASIGNACION DE FUNCIONES TESORERO V1.docx','V',NULL,NULL),(239,1,239,'Creacion de Documento','admin','2018-10-02 00:00:00','admin','2018-10-02 00:00:00','admin','2018-10-02 00:00:00','SCFO7 ASIGNACION DE FUNCIONES VOCAL DE VIGILANCIA V1.docx','V',NULL,NULL),(240,1,240,'Creacion de Documento','admin','2018-10-02 00:00:00','admin','2018-10-02 00:00:00','admin','2018-10-02 00:00:00','SCFO8 CONTROL DE OPERACIONES EN REUNION DEL GRUPO DE AHORRO Y CREDITO V1.xlsx','V',NULL,NULL),(241,1,241,'Creacion de Documento','admin','2018-10-02 00:00:00','admin','2018-10-02 00:00:00','admin','2018-10-02 00:00:00','SCFO9 CONTROL DE OPERACIONES CREACION DE GRUPOS V1.xlsx','V',NULL,NULL),(242,1,242,'Creacion de Documento','admin','2018-10-02 00:00:00','admin','2018-10-02 00:00:00','admin','2018-10-02 00:00:00','SCFO10 SEGUIMIENTO DE ASISTENCIA SEMILLA COOPERATIVA V1.xlsx','V',NULL,NULL),(243,1,243,'Creacion de Documento','admin','2018-10-02 00:00:00','admin','2018-10-02 00:00:00','admin','2018-10-02 00:00:00','SCFO11 CONTROL RECAUDO PAGA DIARIO V1.xlsx','V',NULL,NULL),(244,1,244,'Creacion de Documento','admin','2018-10-02 00:00:00','admin','2018-10-02 00:00:00','admin','2018-10-02 00:00:00','SCFO12 CONTROL ASISTENCIA REUNIONES SEMILLA COOPERATIVA V1.xlsx','V',NULL,NULL),(245,1,245,'Creacion de Documento','admin','2018-10-02 00:00:00','admin','2018-10-02 00:00:00','admin','2018-10-02 00:00:00','SCFO13 CRONOGRAMA DE ACTIVIDADES ASESOR RURAL FINANCIERO V1.xlsx','V',NULL,NULL),(246,1,246,'Creacion de Documento','admin','2018-10-02 00:00:00','admin','2018-10-02 00:00:00','admin','2018-10-02 00:00:00','SCFO14 ARQUEO DIARIO DE RECIBOS DE CAJA RECAUDO EXTERNO V1.xlsx','V',NULL,NULL),(247,1,247,'Creacion de Documento','admin','2018-10-02 00:00:00','admin','2018-10-02 00:00:00','admin','2018-10-02 00:00:00','SCFO15 ASIGNACION RECIBOS DE CAJA  V1.xlsm','V',NULL,NULL),(248,1,248,'Creacion de Documento','admin','2018-10-02 00:00:00','admin','2018-10-02 00:00:00','admin','2018-10-02 00:00:00','SCFO16 SOLICITUD DE CREDITO SEMILLA V1.xlsx','V',NULL,NULL),(249,1,249,'Creacion de Documento','admin','2018-10-02 00:00:00','admin','2018-10-02 00:00:00','admin','2018-10-02 00:00:00','SCFO17 INFORME SEMANAL DE EXPANSION RURAL  V1.xlsx','V',NULL,NULL),(250,1,250,'Creacion de Documento','admin','2018-10-02 00:00:00','admin','2018-10-02 00:00:00','admin','2018-10-02 00:00:00','SCPR1 SEMILLA COOPERATIVA V1.docx','V',NULL,NULL),(251,1,251,'Creacion de Documento','admin','2020-01-25 00:00:00','admin','2020-01-25 00:00:00','admin','2020-01-25 00:00:00','SCPR2 MANEJO DE DINERO, SEGUIMIENTO Y EVALUACION DE ACTIVIDADES SEMILLA COOPERATIVA V1.docx','V',NULL,NULL),(252,1,252,'Creacion de Documento','admin','2020-07-17 00:00:00','admin','2020-07-17 00:00:00','admin','2020-07-17 00:00:00','SIFO1 SOLICITUD DE USUARIO PARA USO DE APLICATIVO YO SOFTWARE EXTERNO V1.xlsx','V',NULL,NULL),(253,0,253,'Creacion de Documento','admin',NULL,'admin',NULL,'admin',NULL,NULL,'C',NULL,NULL),(254,0,254,'Creacion de Documento','admin',NULL,'admin',NULL,'admin',NULL,NULL,'C',NULL,NULL),(255,1,255,'Creacion de Documento','admin','2020-07-27 00:00:00','admin','2020-07-27 00:00:00','admin','2020-07-27 00:00:00','SRIN3 CONOCER Y  REALIZAR LAS CONFIGURACIONES INICIALES DEL SOFTWARE SIAR V1.docx','V',NULL,NULL),(256,1,256,'Creacion de Documento','admin','2020-07-27 00:00:00','admin','2020-07-27 00:00:00','admin','2020-07-27 00:00:00','SRIN4 CREACION, ACTUALIZACION YO ELIMINACION DE USUARIO Y CAMBIO DE CONTRASENA EN EL SOFTWARE SIAR V1.docx','V',NULL,NULL),(257,1,257,'Creacion de Documento','admin','2020-07-27 00:00:00','admin','2020-07-27 00:00:00','admin','2020-07-27 00:00:00','SRIN5 MODULO MATRIZ DE RIESGO EN EL SOFTWARE SIAR V1.docx','V',NULL,NULL),(258,1,258,'Creacion de Documento','admin','2020-08-31 00:00:00','admin','2020-08-31 00:00:00','admin','2020-08-31 00:00:00','SRIN6 MODULO SARLAFT EN EL SOFTWARE SIAR V1.docx','V',NULL,NULL),(259,0,259,'Creacion de Documento','admin',NULL,'admin',NULL,'admin',NULL,NULL,'C',NULL,NULL),(260,0,260,'Creacion de Documento','admin',NULL,'admin',NULL,'admin',NULL,NULL,'C',NULL,NULL),(261,0,261,'Creacion de Documento','admin',NULL,'admin',NULL,'admin',NULL,NULL,'C',NULL,NULL),(262,1,262,'Creacion de Documento','admin','2020-07-27 00:00:00','admin','2020-07-27 00:00:00','admin','2020-07-27 00:00:00','SRIN10 MODULO ARCHIVO PLANOS EN EL SOFTWARE SIAR V1.docx','V',NULL,NULL),(263,1,263,'Creacion de Documento','admin','2020-07-27 00:00:00','admin','2020-07-27 00:00:00','admin','2020-07-27 00:00:00','SRIN11 GENERACION DE ARCHIVOS Y REPORTES PARA EL MODULO DE ARCHIVOS PLANOS DEL SOFTWARE SIAR V1.docx','V',NULL,NULL),(264,1,264,'Creacion de Documento','admin','2020-07-27 00:00:00','admin','2020-07-27 00:00:00','admin','2020-07-27 00:00:00','SRIN12 MODULO SARLAFT EN EL SOFTWARE SIAR  SECCION PARAMETROS V1.docx','V',NULL,NULL),(265,2,265,'Creacion de Documento','admin','2021-09-30 00:00:00','admin','2021-09-30 00:00:00','admin','2021-09-30 00:00:00','TDFO1 SOLICITUD TARJETA DEBITO V2.docx','V',NULL,NULL),(266,1,266,'Creacion de Documento','admin','2018-10-02 00:00:00','admin','2018-10-02 00:00:00','admin','2018-10-02 00:00:00','TDFO2 MANUAL DE USO TARJETA DEBITO V1.docx','V',NULL,NULL),(267,1,267,'Creacion de Documento','admin','2018-10-02 00:00:00','admin','2018-10-02 00:00:00','admin','2018-10-02 00:00:00','TDFO3 CONTROL DE ENTREGA DE TARJETAS DEBITO V1.xlsx','V',NULL,NULL),(268,1,268,'Creacion de Documento','admin','2012-05-16 00:00:00','admin','2012-05-16 00:00:00','admin','2012-05-16 00:00:00','TDFO4 NOVEDADES TARJETA DEBITO V1.xlsx','V',NULL,NULL),(269,1,269,'Creacion de Documento','admin','2012-05-16 00:00:00','admin','2012-05-16 00:00:00','admin','2012-05-16 00:00:00','TDFO5 ACTA TARJETAS DEBITO DESTRUIDAS V1.xlsx','V',NULL,NULL),(270,1,270,'Creacion de Documento','admin','2018-10-02 00:00:00','admin','2018-10-02 00:00:00','admin','2018-10-02 00:00:00','TDFO6 ASIGNACION TARJETAS DEBITO V1.xlsm','V',NULL,NULL),(271,1,271,'Creacion de Documento','admin','2018-10-02 00:00:00','admin','2018-10-02 00:00:00','admin','2018-10-02 00:00:00','TDFO7 ARQUEO DIARIO DE TARJETAS DEBITO  V1.xlsx','V',NULL,NULL),(272,1,272,'Creacion de Documento','admin','2018-11-26 00:00:00','admin','2018-11-26 00:00:00','admin','2018-11-26 00:00:00','TDF008.xlsx','O',NULL,'2021-09-30 00:00:00'),(273,1,273,'Creacion de Documento','admin','2018-10-02 00:00:00','admin','2018-10-02 00:00:00','admin','2018-10-02 00:00:00','TDFO9 TERMINOS Y CONDICIONES DEL SERVICIO DEL PORTAL TRANSACCIONAL PERSONAS NATURALES.docx','V',NULL,NULL),(274,1,274,'Creacion de Documento','admin','2019-12-04 00:00:00','admin','2019-12-04 00:00:00','admin','2019-12-04 00:00:00','TDFO10 AUTORIZACION VALORES INDIVIDUALES TARJETA DEBITO YO PORTAL TRANSACCIONAL V1.xlsx','V',NULL,NULL),(275,2,275,'Creacion de Documento','admin','2019-07-08 00:00:00','admin','2019-07-08 00:00:00','admin','2019-07-08 00:00:00','TDPR1 ACTIVACION TARJETA DEBITO V2.docx','V',NULL,NULL),(276,1,276,'Creacion de Documento','admin','2018-10-22 00:00:00','admin','2018-10-22 00:00:00','admin','2018-10-22 00:00:00','TDPR2 PROCESO DIARIO DE DESCARGUE, IMPORTACION Y CONCILIACION DE TARJETA DEBITO V1.docx','V',NULL,NULL),(277,1,277,'Creacion de Documento','admin','2018-10-02 00:00:00','admin','2018-10-02 00:00:00','admin','2018-10-02 00:00:00','TDPR3 BLOQUEO TARJETA DEBITO V1.docx','V',NULL,NULL),(278,1,278,'Creacion de Documento','admin','2018-10-02 00:00:00','admin','2018-10-02 00:00:00','admin','2018-10-02 00:00:00','TDPR4 ASIGNACION DE RANGOS, ESTADOS, MANEJO DE INVENTARIO Y EXISTENCIAS DE TARJETAS DEBITO V1.docx','V',NULL,NULL),(279,1,279,'Creacion de Documento','admin','2018-11-26 00:00:00','admin','2018-11-26 00:00:00','admin','2018-11-26 00:00:00','THFO1 SOLICITUD DE EMPLEO V1.xlsx','V',NULL,NULL),(280,1,280,'Creacion de Documento','admin','2018-11-26 00:00:00','admin','2018-11-26 00:00:00','admin','2018-11-26 00:00:00','THFO2 POSTULACION A VACANTE PERSONAL INTERNO V1','V',NULL,NULL),(281,1,281,'Creacion de Documento','admin','2018-11-26 00:00:00','admin','2018-11-26 00:00:00','admin','2018-11-26 00:00:00','THFO3 AUTORIZACION CONSULTA CENTRALES DE RIESGO V1.docx','V',NULL,NULL),(282,1,282,'Creacion de Documento','admin','2018-11-26 00:00:00','admin','2018-11-26 00:00:00','admin','2018-11-26 00:00:00','THFO4 CONVOCATORIA LABORAL V1.xlsx','V',NULL,NULL),(283,1,283,'Creacion de Documento','admin','2018-11-26 00:00:00','admin','2018-11-26 00:00:00','admin','2018-11-26 00:00:00','THFO5 LISTA DE CHEQUEO DE LA HISTORIA LABORAL   V1.xlsx','V',NULL,NULL),(284,1,284,'Creacion de Documento','admin','2019-11-26 00:00:00','admin','2019-11-26 00:00:00','admin','2019-11-26 00:00:00','THFO6 ACUERDO DE CONFIDENCIALIDAD V1.docx','V',NULL,NULL),(285,1,285,'Creacion de Documento','admin','2018-11-20 00:00:00','admin','2018-11-20 00:00:00','admin','2018-11-20 00:00:00','THFO7 EVALUACION DE CONOCIMIENTOS  V1.xlsx','V',NULL,NULL),(286,1,286,'Creacion de Documento','admin','2018-11-26 00:00:00','admin','2018-11-26 00:00:00','admin','2018-11-26 00:00:00','THFO8 FORMATO DE ENTREVISTA V1.xlsx','V',NULL,NULL),(287,1,287,'Creacion de Documento','admin','2019-04-26 00:00:00','admin','2019-04-26 00:00:00','admin','2019-04-26 00:00:00','THFO9 ACTA DE ENTREGA V1.xlsx','V',NULL,NULL),(288,1,288,'Creacion de Documento','admin','2019-07-08 00:00:00','admin','2019-07-08 00:00:00','admin','2019-07-08 00:00:00','THFO10 SOLICITUD DE TELETRABAJO V1.xlsx','V',NULL,NULL),(289,1,289,'Creacion de Documento','admin','2019-07-08 00:00:00','admin','2019-07-08 00:00:00','admin','2019-07-08 00:00:00','THFO11 ACUERDO COMPROMISOS TELETRABAJO V1.docx','V',NULL,NULL),(290,1,290,'Creacion de Documento','admin','2019-07-08 00:00:00','admin','2019-07-08 00:00:00','admin','2019-07-08 00:00:00','THFO12 PLAN DE TRABAJO SEMANAL TELETRABAJO V1.xlsx','V',NULL,NULL),(291,1,291,'Creacion de Documento','admin','2019-07-08 00:00:00','admin','2019-07-08 00:00:00','admin','2019-07-08 00:00:00','THFO13 SEGUIMIENTO AL PLAN DE TRABAJO SEMANAL TELETRABAJO V1.xlsx','V',NULL,NULL),(292,1,292,'Creacion de Documento','admin','2019-07-08 00:00:00','admin','2019-07-08 00:00:00','admin','2019-07-08 00:00:00','THFO14 REVERSIBILIDAD POR PARTE DEL TELETRABAJADOR V1.docx','V',NULL,NULL),(293,1,293,'Creacion de Documento','admin','2019-07-08 00:00:00','admin','2019-07-08 00:00:00','admin','2019-07-08 00:00:00','THFO15  REVERSIBILIDAD POR PARTE DEL EMPLEADOR V1.docx','V',NULL,NULL),(294,1,294,'Creacion de Documento','admin','2019-07-08 00:00:00','admin','2019-07-08 00:00:00','admin','2019-07-08 00:00:00','THFO16  AUTOREPORTE DE CONDICIONES DE TELETRABAJO V1.xlsx','V',NULL,NULL),(295,2,295,'Creacion de Documento','admin','2019-07-10 00:00:00','admin','2019-07-10 00:00:00','admin','2019-07-10 00:00:00','THPR1 VINCULACION DE EMPLEADOS V2.docx','V',NULL,NULL),(296,1,296,'Creacion de Documento','admin','2019-07-10 00:00:00','admin','2019-07-10 00:00:00','admin','2019-07-10 00:00:00','THPR2 TELETRABAJO V1.docx','V',NULL,NULL),(297,0,297,'Creacion de Documento','admin',NULL,'admin',NULL,'admin',NULL,NULL,'C',NULL,NULL),(298,1,298,'Creacion de Documento','admin','2019-07-10 00:00:00','admin','2019-07-10 00:00:00','admin','2019-07-10 00:00:00','THPR4 PERMISOS Y LICENCIAS DE FUNCIONARIOS V1.docx','V',NULL,NULL),(299,1,299,'Creacion de Documento','admin','2019-03-27 00:00:00','admin','2019-03-27 00:00:00','admin','2019-03-27 00:00:00','TSFO1 CONTROL Y REEMBOLSO CAJA MENOR V1.xlsx','V',NULL,NULL),(300,1,300,'Creacion de Documento','admin','2019-03-28 00:00:00','admin','2019-03-28 00:00:00','admin','2019-03-28 00:00:00','TSFO2 ARQUEO CAJA MENOR V1.xlsx','V',NULL,NULL),(301,1,301,'Creacion de Documento','admin','2019-03-25 00:00:00','admin','2019-03-25 00:00:00','admin','2019-03-28 00:00:00','TSFO3 CERTIFICADO ANUAL DE SALDOS Y VALORES PAGADOS V1.xlsx','V',NULL,NULL),(302,1,302,'Creacion de Documento','admin','2019-07-15 00:00:00','admin','2019-07-15 00:00:00','admin','2019-07-15 00:00:00','TSIN1 MANEJO DEL MOVIMIENTO CONTABLE V1.docx','V',NULL,NULL),(303,1,303,'Creacion de Documento','admin','2019-03-27 00:00:00','admin','2019-03-27 00:00:00','admin','2019-03-25 00:00:00','TSPR1 MANEJO DEL FONDO DE CAJA MENOR V1.docx','V',NULL,NULL),(304,1,304,'Creacion de Documento','admin','2019-07-15 00:00:00','admin','2019-07-15 00:00:00','admin','2019-07-15 00:00:00','TSPR2 MANEJO DEL MOVIMIENTO CONTABLE V1.docx','V',NULL,NULL),(305,1,23,'Actualización de documento','admin','2015-09-01 00:00:00','admin','2015-09-01 00:00:00','admin','2015-09-01 00:00:00','FORMATO PROGRAMODO.xlsx','O',NULL,'2019-02-01 00:00:00'),(306,1,24,'Actualización de documento','admin','2015-09-01 00:00:00','admin','2015-09-01 00:00:00','admin','2015-09-01 00:00:00','FORMATO CDAT SISTEMAS OK.xls','O',NULL,'2019-02-01 00:00:00'),(307,1,305,'Se asigna Codigo al Documento','admin','2021-11-26 14:16:00','admin','2021-11-26 14:16:00','admin','2021-11-26 14:16:00','ASFO12 CONTROL Y REGISTRO DE  SOLICITUDES DE VINCULACION V1.xlsx','V',NULL,NULL),(308,1,57,'Creacion de Documento','admin','2013-11-01 14:16:00','admin','2013-11-01 14:16:00','admin','2013-11-01 14:16:00','ASP001_V1.docx','O',NULL,'2019-06-17 00:00:00'),(309,2,57,'Creacion de Documento','admin','2019-06-17 00:00:00','admin','2019-06-17 00:00:00','admin','2019-06-17 00:00:00','ASP001_V2.pdf','O',NULL,'2019-09-26 00:00:00'),(310,1,58,'Creacion de Documento','admin','2018-08-24 00:00:00','admin','2018-08-24 00:00:00','admin','2018-08-24 00:00:00','ASP002_V1.docx','O',NULL,'2019-06-17 00:00:00'),(311,2,58,'Creacion de Documento','admin','2019-06-17 00:00:00','admin','2019-06-17 00:00:00','admin','2019-06-17 00:00:00','ASP002_V2.pdf','O',NULL,'2019-12-04 00:00:00'),(312,1,61,'Creacion de Documento','admin','2019-01-21 00:00:00','admin','2019-01-21 00:00:00','admin','2019-01-21 00:00:00','ASP005_V1.docx','O',NULL,'2019-06-18 00:00:00'),(313,1,68,'Creacion de Documento','admin','2017-06-21 00:00:00','admin','2017-06-21 00:00:00','admin','2017-06-21 00:00:00','CAF001.docx','O',NULL,'2018-11-02 00:00:00'),(314,1,69,'Creacion de Documento','admin','2017-06-21 00:00:00','admin','2017-06-21 00:00:00','admin','2017-06-21 00:00:00','CAF002.docx','O',NULL,'2018-11-02 00:00:00'),(315,1,70,'Creacion de Documento','admin','2017-06-21 00:00:00','admin','2017-06-21 00:00:00','admin','2017-06-21 00:00:00','CAF003.docx','O',NULL,'2018-11-02 00:00:00'),(316,1,94,'Creacion de Documento','admin','2017-06-21 00:00:00','admin','2017-06-21 00:00:00','admin','2017-06-21 00:00:00','CARTA DE INSTRUCCIONES ABIERTA TD.doc','O',NULL,'2019-03-20 00:00:00'),(317,1,306,'Creacion de Documento','admin','2021-02-09 00:00:00','admin','2021-02-09 00:00:00','admin','2021-02-09 00:00:00','CCFO24 CONTROL CREDITOS CONVENIO COOPEAIPE - INFIHUILA V1.xlsx','V',NULL,NULL),(318,1,114,'Creacion de Documento','admin','2013-11-01 00:00:00','admin','2013-11-01 00:00:00','admin','2013-11-01 00:00:00','CCP001_V1.docx','O',NULL,'2019-06-25 00:00:00'),(319,2,114,'Creacion de Documento','admin','2019-06-25 00:00:00','admin','2019-06-25 00:00:00','admin','2019-06-25 00:00:00','CCP001_V2.docx','O',NULL,'2019-06-25 00:00:00'),(320,1,115,'Creacion de Documento','admin','2013-11-01 00:00:00','admin','2013-11-01 00:00:00','admin','2013-11-01 00:00:00','CCP002_V1.docx','O',NULL,'2019-06-25 00:00:00'),(321,2,115,'Creacion de Documento','admin','2019-06-25 00:00:00','admin','2019-06-25 00:00:00','admin','2019-06-25 00:00:00','CCP002_V2.docx','O',NULL,'2019-06-25 00:00:00'),(322,1,307,'Creacion de Documento','admin','2021-04-30 00:00:00','admin','2021-04-30 00:00:00','admin','2021-04-30 00:00:00','CCPR9 MANEJO DE CREDITO CONVENIO INFIHUILA.docx','V',NULL,NULL),(323,1,308,'Creacion de Documento','admin','2021-01-09 00:00:00','admin','2021-01-09 00:00:00','admin','2021-01-09 00:00:00','CNF023 CONVENIO DE RECAUDO V1.docx','V',NULL,NULL),(324,1,309,'Creacion de Documento','admin','2021-01-09 00:00:00','admin','2021-01-09 00:00:00','admin','2021-01-09 00:00:00','CNPR6 PAGO DE SALARIOS V1.docx','V',NULL,NULL),(325,1,195,'Creacion de Documento','admin','2019-03-27 00:00:00','admin','2019-03-27 00:00:00','admin','2019-03-27 00:00:00','FNP005_V1.docx','O',NULL,'2021-04-20 00:00:00'),(326,1,310,'Creacion de Documento','admin','2021-12-06 00:00:00','admin','2021-12-06 00:00:00','admin','2021-12-06 00:00:00','MTFO4 CONTROL ACTUALIZACION OBLIGACIONES MULTIPORTAL V1.xlsx','V',NULL,NULL),(327,1,311,'Creacion de Documento','admin','2021-12-06 00:00:00','admin','2021-12-06 00:00:00','admin','2021-12-06 00:00:00','MTPR1 ACTUALIZACION DE OBLIGACIONES EN EL MULTIPORTAL V1.docx','V',NULL,NULL),(328,1,312,'Creacion de Documento','admin','2021-01-19 00:00:00','admin','2021-01-19 00:00:00','admin','2021-01-19 00:00:00','PVFO7 ACUERDO DE CONFIDENCIALIDAD V1.docx','V',NULL,NULL),(329,1,232,'Creacion de Documento','admin','2018-11-02 00:00:00','admin','2018-11-02 00:00:00','admin','2018-11-02 00:00:00','AD-P-001.docx','O',NULL,'2019-06-19 00:00:00'),(330,1,313,'Creacion de Documento','admin','2018-10-02 00:00:00','admin','2018-10-02 00:00:00','admin','2018-10-02 00:00:00','SCFO18 CONTROL RECAUDO REUNIONES SEMILLA COOPERATIVA.xlsx','V',NULL,NULL),(331,1,314,'Creacion de Documento','admin','2021-04-13 00:00:00','admin','2021-04-13 00:00:00','admin','2021-04-13 00:00:00','SRDT1 DOCUMENTO INDICADORES SARL COPEAIPE.docx','V',NULL,NULL),(332,1,315,'Creacion de Documento','admin','2021-04-13 00:00:00','admin','2021-04-13 00:00:00','admin','2021-04-13 00:00:00','SRDT2 DOCUMENTO TECNICO ETAPAS SARL COPEAIPE.docx','V',NULL,NULL),(333,1,316,'Creacion de Documento','admin','2021-04-13 00:00:00','admin','2021-04-13 00:00:00','admin','2021-04-13 00:00:00','SRDT3 DOCUMENTO TECNICO GAP COOPEAIPE.docx','V',NULL,NULL),(334,1,317,'Creacion de Documento','admin','2021-04-13 00:00:00','admin','2021-04-13 00:00:00','admin','2021-04-13 00:00:00','SRDT4 DOCUMENTO TECNICO IRL COOPEAIPE.docx','V',NULL,NULL),(335,1,318,'Creacion de Documento','admin','2021-04-13 00:00:00','admin','2021-04-13 00:00:00','admin','2021-04-13 00:00:00','SRDT5 DOCUMENTO TECNICO PLAN CONTIGENCIA GRUPO CRISIS COOPEAIPE.docx','V',NULL,NULL),(336,1,319,'Creacion de Documento','admin','2018-06-27 00:00:00','admin','2018-06-27 00:00:00','admin','2018-06-27 00:00:00','SRDT6 DOCUMENTO TECNICO SEGMENTACION FACTORES RIESGO COOPEAIPE.docx','V',NULL,NULL),(337,1,321,'Creacion de Documento','admin','2021-04-13 00:00:00','admin','2021-04-13 00:00:00','admin','2021-04-13 00:00:00','SRMA2 MANUAL SARL COOPEAIPE.docx','V',NULL,NULL),(338,0,320,'Creacion de Documento','admin',NULL,'admin',NULL,'admin',NULL,' ','C',NULL,NULL),(339,1,322,'Creacion de Documento','admin','2021-04-13 00:00:00','admin','2021-04-13 00:00:00','admin','2021-04-13 00:00:00','SRPR1 PROCEDIMIENTOS SARL COPEAIPE.docx','V',NULL,NULL),(340,1,265,'Creacion de Documento','admin','2018-10-02 00:00:00','admin','2018-10-02 00:00:00','admin','2018-10-02 00:00:00','TDF001.docx','O',NULL,'2021-09-30 00:00:00'),(341,1,275,'Creacion de Documento','admin','2018-10-02 00:00:00','admin','2018-10-02 00:00:00','admin','2018-10-02 00:00:00','TDP001.docx','O',NULL,NULL),(342,1,323,'Se asigna Codigo al Documento','admin','2021-03-29 00:03:35','admin','2021-03-29 00:03:35','admin','2021-03-29 00:03:35','THFO17 ASIGNACION DE FUNCIONES TEMPORALES V1.docx','V',NULL,NULL),(343,1,324,'Se asigna Codigo al Documento','admin','2021-09-29 00:35:20','admin','2021-09-29 00:35:20','admin','2021-09-29 00:35:20','THF018 CONTRATO INDIVIDUAL DE TRABAJO A TERMINO FIJO INFERIOR A 12 MESES V1.docx','V',NULL,NULL),(344,1,325,'Se asigna Codigo al Documento','admin','2021-01-12 00:39:05','admin','2021-01-12 00:39:05','admin','2021-01-12 00:39:05','THFO19 SOLICITUD DE BENEFICIOS EXTRALEGALES SOBRE AUXILIO DE RODAMIENTO Y COMBUSTIBLE PARA FUNCIONARIOS V1.xlsx','V',NULL,NULL),(345,1,326,'Se asigna Codigo al Documento','admin','2021-09-29 00:35:20','admin','2021-09-29 00:35:20','admin','2021-09-29 00:35:20','THFO20 CONTROL ASISTENCIA A CAPACITACIONES, REUNIONES O EVENTOS V1.xlsx','V',NULL,NULL),(346,1,295,'Creacion de Documento','admin','2018-11-26 00:00:00','admin','2018-11-26 00:00:00','admin','2018-11-26 00:00:00','TH-P-001.docx','O',NULL,'2019-07-16 00:00:00'),(347,1,327,'Se asigna Codigo al Documento','admin','2021-01-08 01:05:15','admin','2021-01-08 01:05:15','admin','2021-01-08 01:05:15','TSFO4 DOCUMENTO SOPORTE PAGO PSE CONVENIO ESTACION DE SERVICIO V1.xlsm','V',NULL,NULL),(348,1,328,'Se asigna Codigo al Documento','admin','2021-01-08 01:05:15','admin','2021-01-08 01:05:15','admin','2021-01-08 01:05:15','TSFO5 CONVENIO DE RECAUDO DE EFECTIVO V1.docx','V',NULL,NULL),(349,1,329,'Se asigna Codigo al Documento','admin','2021-03-24 00:03:35','admin','2021-03-24 00:03:35','admin','2021-03-24 00:03:35','TSFO6 DOCUMENTO MANEJO DE EFECTIVO FUERA DE LA OFICINA V1.xlsm','V',NULL,NULL),(350,1,330,'Se asigna Codigo al Documento','admin','2021-05-07 01:16:05','admin','2021-05-07 01:16:05','admin','2021-05-07 01:16:05','TSFO7 DOCUMENTO SOPORTE PAGO PSE V1.xlsm','V',NULL,NULL),(351,1,331,'Se asigna Codigo al Documento','admin','2021-03-29 00:03:35','admin','2021-03-29 00:03:35','admin','2021-03-29 00:03:35','TSPR3 MANEJO DE EFECTIVO FUERA DE LA OFICINA V1.docx','V',NULL,NULL),(352,1,332,'Se asigna Codigo al Documento','admin','2021-09-29 00:35:20','admin','2021-09-29 00:35:20','admin','2021-09-29 00:35:20','GCFO1 CREACION DE CAMPANAS V1.docx','V',NULL,NULL),(353,1,333,'Se asigna Codigo al Documento','admin','2021-09-29 00:35:20','admin','2021-09-29 00:35:20','admin','2021-09-29 00:35:20','GCFO2 CAMPANA VIGENTE V1.docx','V',NULL,NULL),(354,1,334,'Se asigna Codigo al Documento','admin','2021-09-29 00:35:20','admin','2021-09-29 00:35:20','admin','2021-09-29 00:35:20','GCFO3 ENTREGA OBSEQUIOS CAMPANA V1 .xlsx','V',NULL,NULL),(355,1,335,'Creacion de Documento','admin','2022-01-18 17:33:03','admin','2022-01-18 17:33:03','admin','2022-01-18 17:33:03','FNPR8 INFORMACION EXOGENA V1.docx','V',NULL,NULL);

UNLOCK TABLES;

/*!40101 SET SQL_MODE=@OLD_SQL_MODE */;
/*!40014 SET UNIQUE_CHECKS=@OLD_UNIQUE_CHECKS */;
/*!40111 SET SQL_NOTES=@OLD_SQL_NOTES */;
